haplotype,nsamples,Central Africa,East Africa,Horn of Africa,Oceania,South America,South Asia,Southeast Asia,West Africa
ATAGAGTCGATGGTCCATTGCTCGATTCTTTCAGTGCAGTGCAGCGCTCC,51,29.41,0.0,0.0,0.0,0.0,0.0,0.0,70.59
ATAGAGTCGATGGTCCATTGATCGATTCTTGTAGTGCAGTGGAGCGCTCC,16,18.75,0.0,0.0,0.0,0.0,0.0,0.0,81.25
ATAGAGTCGATGGTCCATTGATCGATTCTTTCAGTGCAGTGCAGCGCTCC,3186,2.92,0.03,0.0,0.0,0.0,0.0,0.0,97.05
ATAGAGTCGATGGTCCATTGATCGATTCTTTTAGTGCAGTGCAGCGCTCC,24,4.17,0.0,0.0,0.0,0.0,0.0,0.0,95.83
CTAGAGTCGATGGTCCATTGATCGATTCTTTCAGTGCAGTGCAGCGCTCC,73,20.55,0.0,0.0,0.0,0.0,0.0,0.0,79.45
ATAAAGTCGATGGTCCATTGATCGATTCTTTCAGTGCAGTGCAGCGCTCC,78,5.13,0.0,0.0,0.0,0.0,0.0,0.0,94.87
ATAAAGTCGATGGTCCATTGCTCGATTCTTGTAGTGCAGTGGAGCGCTCC,43,13.95,25.58,0.0,0.0,0.0,0.0,0.0,60.47
ATAGAGTCGATGGTCCATTGATCGATTCTTGTAGTGCAGTGCAGCGCTCC,213,5.16,0.0,0.0,0.0,0.0,0.0,0.0,94.84
ATAGAGTCGATGGTCCATTGATCGATTCTTTCAGTGCAGTGGAGCGCTCC,117,9.4,0.0,0.0,0.0,0.0,0.0,0.0,90.6
ATAGAGTCGATGGTCCACTGATCGATTCTTGTAGTGCAGTGCAGCGCTCC,6,16.67,0.0,0.0,0.0,0.0,0.0,0.0,83.33
ATAGAGTCGATGGTCCATTGATCGATCCTTTCAGTGCAGTGCAGCGCTCC,23,0.0,0.0,0.0,0.0,0.0,0.0,0.0,100.0
ATAGTGTCGATGGTCCATTGATCGATTCTTGTAGTGCAGTGCAGCGCTCC,4,25.0,0.0,0.0,0.0,0.0,0.0,0.0,75.0
ATAGAGTCGATGGTCCATTGATCGATTGTTGTAGTGCAGTGCAGCGCTCC,2,0.0,0.0,0.0,0.0,0.0,0.0,0.0,100.0
ATAGTGTCGATGGTCCATTGATCGATTCTTTCAGTGCAGTGCAGCGCTCC,50,10.0,0.0,0.0,0.0,0.0,0.0,0.0,90.0
ATAAAGTCGATGGTCCATTGCTCGATTCTTGTAGTGCAGTGCAGCGCTCC,4,25.0,0.0,0.0,0.0,0.0,0.0,0.0,75.0
ATAGAGTCGATGGTCCATTGATCGATTCTTGCAGTGCAGTGCAGCGCTCC,34,2.94,0.0,0.0,0.0,0.0,0.0,0.0,97.06
ATAGAGTCGATGGTCCACTGATCGATTCTTTCAGTGCAGTGCAGCGCTCC,86,12.79,0.0,0.0,0.0,0.0,0.0,0.0,87.21
ATAGAGTCGATGGTCCATTGATCGATTCGTTCAGTGCAGTGCAGCGCTCC,1,0.0,0.0,0.0,0.0,0.0,0.0,0.0,100.0
ATAAAGTCGAAGGTCCATTGATCGATTCTTTCAGTGCAGTGCAGCGCTCC,1,0.0,0.0,0.0,0.0,0.0,0.0,0.0,100.0
ATAATGTCGATGGTCCATTGATCGATTCTTTCAGTGCAGTGCAGCGCTCC,1,0.0,0.0,0.0,0.0,0.0,0.0,0.0,100.0
ATAGAGTCGATGGTCCATTGCTCGATTGGTTCAGTGCAGTGCAGCGCTCC,1,0.0,0.0,0.0,0.0,0.0,0.0,0.0,100.0
ATAGAGTCGATGGTCCACTGCTCGATTCTTTCAGTGCAGTGGAGCGCTCC,2,0.0,0.0,0.0,0.0,0.0,0.0,0.0,100.0
ATAAAGTCGATGGTCCATTGCTCGATTCTTTTAGTGCAGTGGAGCGCTCC,1,0.0,0.0,0.0,0.0,0.0,0.0,0.0,100.0
ATAAAGTCGATGGTCCATTGCTCGATTCTTTCAGTGCAGTGCAGCGCTCC,4,25.0,0.0,0.0,0.0,0.0,0.0,0.0,75.0
ATAGAGTCGATGGTCCATTGCTCGATTCTTGCAGTGCAGTGGAGCGCTCC,1,0.0,0.0,0.0,0.0,0.0,0.0,0.0,100.0
ATAGAGTCGATGGTCCATTGCTCGATTCTTGTAGTGCAGTGCAGCGCTCC,9,0.0,0.0,0.0,0.0,0.0,0.0,0.0,100.0
ATAGAGTCGATGGTCCATTGCTCGATTCTTTTAGTGCAGTGGAGCGCTCC,2,0.0,0.0,0.0,0.0,0.0,0.0,0.0,100.0
ATAGTGTCGATGGTCCATTGCTCGATTCTTTTAGTGCAGTGCAGCGCTCC,1,0.0,0.0,0.0,0.0,0.0,0.0,0.0,100.0
ATAGTGTCGATGGTCCACTGATCGATTCTTGTAGTGCAGTGCAGCGCTCC,2,0.0,0.0,0.0,0.0,0.0,0.0,0.0,100.0
ATAAAGTCGATGGTCCATTGATCGATTCTTTCAGTGCAGTGGAGCGCTCC,9,11.11,0.0,0.0,0.0,0.0,0.0,0.0,88.89
ATAGAGTCGATGGTCCATTGATCGATTGTTTCAGTGCAGTGCAGCGCTCC,2,0.0,0.0,0.0,0.0,0.0,0.0,0.0,100.0
ATAGTGTCGATGGTCCATTGATCGGTTCTTTCAGTGCAGTGGAGCGCTCC,2,0.0,0.0,0.0,0.0,0.0,0.0,0.0,100.0
ATAGAGTCGATGGTCCACTGATCGATTCTTGTAGTGCAGTGGAGCGCTCC,1,0.0,0.0,0.0,0.0,0.0,0.0,0.0,100.0
CTAGAGTCGATGGTCCACTGCTCGGTTCTTGTAGTGCAGTGGAGCGCTCC,8,37.5,62.5,0.0,0.0,0.0,0.0,0.0,0.0
ATTATGTCGATGGTCCATTGCTCGGTTCTTGTAGTGCAGTGGAGCGCTCC,13,7.69,92.31,0.0,0.0,0.0,0.0,0.0,0.0
CTTATGTCGATGGTCCACTGCTCGGTTCTTGTAGTGCAGTGCAGCGCTCC,32,18.75,81.25,0.0,0.0,0.0,0.0,0.0,0.0
ATTAAGTCGATGGTCCACTGATCGGTTCTTGTAGTGCAGTGCAGCGCTCC,1,0.0,100.0,0.0,0.0,0.0,0.0,0.0,0.0
ATTAAGTCGATGGTCCATTGCTCGGTTCTTGTAGTGCAGTGGAGCGCTCC,2,50.0,50.0,0.0,0.0,0.0,0.0,0.0,0.0
CTTGTGTCGATGGTCCACTGCTCGGTTCTTGTAGTGCAGTGGAGCGCTCC,50,16.0,84.0,0.0,0.0,0.0,0.0,0.0,0.0
ATTATGTCGATGGTCCACTGCTCGGTTCTTGTAGTGCAGTGGAGCGCTCC,51,1.96,98.04,0.0,0.0,0.0,0.0,0.0,0.0
CTTATGTCGATGGTCCACTGCTCGGTTCTTGTAGTGCAGTGGAGCGCTCC,290,6.9,93.1,0.0,0.0,0.0,0.0,0.0,0.0
CTTATGTCGATGGTCCACTGATCGGTTCTTGTAGTGCAGTGGAGCGCTCC,41,12.2,87.8,0.0,0.0,0.0,0.0,0.0,0.0
CTTGTGTCGATGGTCCACTGCTCGATTCTTGTAGTGCAGTGGAGCGCTCC,16,18.75,81.25,0.0,0.0,0.0,0.0,0.0,0.0
CTTGTGTCGATGGTCCACTGATCGGTTCTTTCAGTGCAGTGGAGCGCTCC,2,0.0,100.0,0.0,0.0,0.0,0.0,0.0,0.0
CTTATGTCGATGGTCCACTGCTCGGTTCTTTCAGTGCAGTGGAGCGCTCC,17,11.76,88.24,0.0,0.0,0.0,0.0,0.0,0.0
ATTAAGTCGATGGTCCACTGCTCGGTTCTTGTAGTGCAGTGGAGCGCTCC,6,0.0,100.0,0.0,0.0,0.0,0.0,0.0,0.0
CTTATGTCGATGGTCCATTGCTCGGTTCTTGTAGTGCAGTGGAGCGCTCC,43,23.26,76.74,0.0,0.0,0.0,0.0,0.0,0.0
CTAATGTCGATGGTCCACTGCTCGGTTCTTGTAGTGCAGTGGAGCGCTCC,57,24.56,75.44,0.0,0.0,0.0,0.0,0.0,0.0
CTAATGTCGATGGTCCACTGCTCGGTTCTTGTAGTGCAGTGCAGCGCTCC,9,55.56,44.44,0.0,0.0,0.0,0.0,0.0,0.0
CTTAAGTCGATGGTCCACTGCTCGGTTCTTGTAGTGCAGTGCAGCGCTCC,26,11.54,88.46,0.0,0.0,0.0,0.0,0.0,0.0
CTTATGTCGATGGTCCACTGCTCGATTCTTGTAGTGCAGTGGAGCGCTCC,71,15.49,84.51,0.0,0.0,0.0,0.0,0.0,0.0
ATAATGTCGATGGTGCACTGCTCGGTTCTTGTAGTGCAGTGGAGCGCTCC,2,0.0,100.0,0.0,0.0,0.0,0.0,0.0,0.0
CTTAAGTCGATGGTCCATTGCTCGGTTCTTGTAGTGCAGTGGAGCGCTCC,13,15.38,84.62,0.0,0.0,0.0,0.0,0.0,0.0
CTTAAGTCGATGGTCCACTGCTCGATTCTTGTAGTGCAGTGGAGCGCTCC,13,7.69,92.31,0.0,0.0,0.0,0.0,0.0,0.0
ATTGTGTCGATGGTCCATTGCTCGGTTCTTGTAGTGCAGTGGAGCGCTCC,2,0.0,100.0,0.0,0.0,0.0,0.0,0.0,0.0
CTTGAGTCGATGGTCCACTGCTCGGTTCTTGTAGTGCAGTGGAGCGCTCC,19,10.53,89.47,0.0,0.0,0.0,0.0,0.0,0.0
CTAGAGTCGATGGTCCACTGATCGGTTCTTGTAGTGCAGTGGAGCGCTCC,4,75.0,25.0,0.0,0.0,0.0,0.0,0.0,0.0
CTAGAGTCGATGGTCCATTGCTCGGTTCTTGTAGTGCAGTGGAGCGCTCC,2,50.0,50.0,0.0,0.0,0.0,0.0,0.0,0.0
CTTGAGTCGATGGTCCATTGCTCGATTCTTGTAGTGCAGTGGAGCGCTCC,4,0.0,100.0,0.0,0.0,0.0,0.0,0.0,0.0
CTTGAGTCGATGGTCCATTGCTCGGTTCTTGTAGTGCAGTGGAGCGCTCC,7,0.0,100.0,0.0,0.0,0.0,0.0,0.0,0.0
CTTGAGTCGATGGTCCACTGATCGATTCTTGTAGTGCAGTGGAGCGCTCC,3,33.33,66.67,0.0,0.0,0.0,0.0,0.0,0.0
CTTGTGTCGATGGTCCATTGATCGGTTCTTGTAGTGCAGTGGAGCGCTCC,4,50.0,50.0,0.0,0.0,0.0,0.0,0.0,0.0
CTAGTGTCGATGGTCCACTGCTCGATTCTTGTAGTGCAGTGGAGCGCTCC,8,62.5,37.5,0.0,0.0,0.0,0.0,0.0,0.0
CTAGAGTCGATGGTCCACTGCTCGATTCTTGTAGTGCAGTGGAGCGCTCC,5,60.0,40.0,0.0,0.0,0.0,0.0,0.0,0.0
CTAATGTCGATGGTCCATTGCTCGATTCTTGTAGTGCAGTGGAGCGCTCC,4,50.0,50.0,0.0,0.0,0.0,0.0,0.0,0.0
CTTAAGTCGATGGTCCACTGCTCGGTTCTTGTAGTGCAGTGGAGCGCTCC,67,7.46,92.54,0.0,0.0,0.0,0.0,0.0,0.0
CTTGTGTCGATGGTCCATTGCTCGATTCTTGTAGTGCAGTGGAGCGCTCC,3,0.0,100.0,0.0,0.0,0.0,0.0,0.0,0.0
CTTGAGTCGATGGTCCACTGATCGGTTCTTGTAGTGCAGTGGAGCGCTCC,4,25.0,75.0,0.0,0.0,0.0,0.0,0.0,0.0
CTTGTGTCGATGGTCCACTGATCGGTTCTTGTAGTGCAGTGGAGCGCTCC,7,0.0,100.0,0.0,0.0,0.0,0.0,0.0,0.0
CTTATGTCGATGGTCCATTGATCGGTTCTTGTAGTGCAGTGCAGCGCTCC,2,0.0,100.0,0.0,0.0,0.0,0.0,0.0,0.0
CTTATGTCGATGGTCCACTGCTCGATTCTTTCAGTGCAGTGGAGCGCTCC,9,33.33,66.67,0.0,0.0,0.0,0.0,0.0,0.0
CTTATGTCGATGGTCCATTGCTCGATTCTTGTAGTGCAGTGGAGCGCTCC,13,30.77,69.23,0.0,0.0,0.0,0.0,0.0,0.0
ATAGTGTCGATGGTCCACTGCTCGATTCTTGTAGTGCAGTGGAGCGCTCC,6,16.67,83.33,0.0,0.0,0.0,0.0,0.0,0.0
ATTATGTCGATGGTCCACTGCTCGATTCTTGTAGTGCAGTGGAGCGCTCC,15,6.67,93.33,0.0,0.0,0.0,0.0,0.0,0.0
CTTAAGTCGATGGTCCACTGCTCGATTCTTGTAGTGCAGTGCAGCGCTCC,5,20.0,80.0,0.0,0.0,0.0,0.0,0.0,0.0
CTTATGTCGATGGTCCACTGATCGGTTCTTTCAGTGCAGTGGAGCGCTCC,9,11.11,88.89,0.0,0.0,0.0,0.0,0.0,0.0
ATAAAGTCGATGGTCCACTGCTCGGTTCTTGTAGTGCAGTGGAGCGCTCC,2,0.0,100.0,0.0,0.0,0.0,0.0,0.0,0.0
CTAGTGTCGATGGTCCACTGCTCGGTTCTTGTAGTGCAGTGGAGCGCTCC,17,52.94,47.06,0.0,0.0,0.0,0.0,0.0,0.0
CTTGTGTCGATGGTCCATTGCTCGGTTCTTGTAGTGCAGTGGAGCGCTCC,10,10.0,90.0,0.0,0.0,0.0,0.0,0.0,0.0
CTAATGTCTATGGTCCACTGCTCGATTCTTGTAGTGCAGTGGAGCGCTCC,1,0.0,100.0,0.0,0.0,0.0,0.0,0.0,0.0
ATAATGTCGATGGTCCACTGCTCGGTTCTTGTAGTGCAGTGGAGCGCTCC,13,30.77,69.23,0.0,0.0,0.0,0.0,0.0,0.0
CTTAAGTCGATGGTCCATTGCTCGGTTCTTGTAGTGCAGTGGAGCGCGCC,1,0.0,100.0,0.0,0.0,0.0,0.0,0.0,0.0
ATTATGTCGATGGTCCATTGCTCGGTTCTTTCAGTGCAGTGGAGCGCTCC,1,0.0,100.0,0.0,0.0,0.0,0.0,0.0,0.0
CTTATGTCGATGGTCCACTGCTCGGTTCTTTCAGTGCAGTGCAGCGCTCC,6,16.67,83.33,0.0,0.0,0.0,0.0,0.0,0.0
CTTGTGTCGATGGTCCACTGCTCGGTTCTTGTAGTGCAGTGCAGCGCTCC,6,66.67,33.33,0.0,0.0,0.0,0.0,0.0,0.0
ATAGAAGTTATATTCCATTGCTCAGTCGGTGTAATGCAGCAGGTCCCTCC,2764,0.0,0.0,0.0,0.0,0.0,3.87,96.13,0.0
ATAGAAGTTATATTCCATTGCTCAATCGGTGTAATGCAGCAGGTCCCTCC,509,0.0,0.0,0.0,0.0,0.0,14.34,85.66,0.0
ATTGAAGTTATATTCCATTGCTCAGTCGGTGTAATGCAGCAGGTCCCTCC,53,0.0,0.0,0.0,0.0,0.0,3.77,96.23,0.0
ATAAAAGTTATATTCCATTGCTCAGTCGGTGTAATGCAGCAGGTCCCTCC,375,0.0,0.0,0.0,0.0,0.0,0.0,100.0,0.0
ATAGAAGCTATATTCCATTGCTCAGTCGGTGTAATGCAGCAGGTCCCTCC,11,0.0,0.0,0.0,0.0,0.0,0.0,100.0,0.0
ATAGAAGTTATAGTCCATTGCTCAGTCGGTGTAATGCAGCAGGTCCCTCC,70,0.0,0.0,0.0,0.0,0.0,28.57,71.43,0.0
ATAGAATTTATATTCCATTGCTCAGTCGGTGTAATGCAGCAGGTCCCTCC,5,0.0,0.0,0.0,0.0,0.0,20.0,80.0,0.0
ATAGAAGTTATATTCCATTGCTCAATTGGTGTAATGCAGCAGGTCCCTCC,30,0.0,0.0,0.0,0.0,0.0,60.0,40.0,0.0
ATAAAAGTTATATTCCATTGCTCAATTGGTGTAATGCAGCAGGTCCCTCC,1,0.0,0.0,0.0,0.0,0.0,0.0,100.0,0.0
ATAGAAGTTATATTCCATTGCTCAGTCGGTGTAATGCAGCAGGTCGCTCC,65,0.0,0.0,0.0,0.0,0.0,13.85,86.15,0.0
ATTGAAGTTATATTCCATTGCTCAATCGGTGTAATGCAGCAGGTCCCTCC,5,0.0,0.0,0.0,0.0,0.0,0.0,100.0,0.0
ATTAAAGTTATATTCCATTGCTCAATCGGTGTAATGCAGCAGGTCCCTCC,4,0.0,0.0,0.0,0.0,0.0,0.0,100.0,0.0
ATAGTAGTTATATTCCATTGCTCAGTCGGTGTAATGCAGCAGGTCCCTCC,32,0.0,0.0,0.0,0.0,0.0,34.38,65.62,0.0
ATAGAAGTTATAGTCCATTGCTCAATCGGTGTAATGCAGCAGGTCCCTCC,63,0.0,0.0,0.0,0.0,0.0,31.75,68.25,0.0
ATAGAAGTTATATTCCATTGCTCAGTCCGTGTAATGCAGCAGGTCCCTCC,60,0.0,0.0,0.0,0.0,0.0,0.0,100.0,0.0
ATAGAAGTTATAGTCCATTGCTCAATCCGTGTAATGCAGCAGGTCCCTCC,5,0.0,0.0,0.0,0.0,0.0,0.0,100.0,0.0
ATAGAGTTTATAGTCCATTGCTCAGTCGGTGTAATGCAGCAGGTCCCTCC,2,0.0,0.0,0.0,0.0,0.0,0.0,100.0,0.0
ATAAAATTTATATTCCATTGCTCAGTCGGTGTAATGCAGCAGGTCCCTCC,7,0.0,0.0,0.0,0.0,0.0,0.0,100.0,0.0
ATAGAGTTTATATTCCATTGCTCAGTCGGTGTAATGCAGCAGGTCCCTCC,17,0.0,0.0,0.0,0.0,0.0,0.0,100.0,0.0
ATAAAAGTTATATTCCATTGCTCAATCGGTGTAATGCAGCAGGTCCCTCC,40,0.0,0.0,0.0,0.0,0.0,2.5,97.5,0.0
ATAAAGTTTATATTCCATTGCTCAATCGGTGTAATGCAGCAGGTCCCTCC,1,0.0,0.0,0.0,0.0,0.0,0.0,100.0,0.0
ATAAAGTCTATATTCCATTGCTCAATCGGTGTAATGCAGCGGAGCCCTCC,1,0.0,0.0,0.0,0.0,0.0,0.0,100.0,0.0
ATAGAAGTTATATTCCATTGCTCAGTCGGTGTAATGCAGCGGATCCCTCC,4,0.0,0.0,0.0,0.0,0.0,0.0,100.0,0.0
ATAGAAGTTATATTCCATTGCTCAGTCGGTGTAGTGCAGCAGGTCCCTCC,79,0.0,0.0,0.0,0.0,0.0,21.52,78.48,0.0
ATAGAAGTTATATTCCATTGCTCAATCGGTGTAATGCAGCAGGTCGCTCC,14,0.0,0.0,0.0,0.0,0.0,28.57,71.43,0.0
ATAGAAGTTATATTCCATTACTCAGTCGGTGTAATGCAGCAGGTCCCTCC,1,0.0,0.0,0.0,0.0,0.0,0.0,100.0,0.0
ATAGAAGTTATATTCCATTGATCAATCGGTTCAATGCAGCAGGTCCCTCC,5,0.0,0.0,0.0,0.0,0.0,20.0,80.0,0.0
ATAAAAGTTATAGTCCATTGCTCAATCGGTGTAATGCAGCAGGTCCCTCC,3,0.0,0.0,0.0,0.0,0.0,33.33,66.67,0.0
ATAGAAGTTATATTCCATTGCTCAGTTGGTGTAATGCAGCAGGTCCCTCC,80,0.0,0.0,0.0,0.0,0.0,22.5,77.5,0.0
ATAGAAGTTATAGTCCATTGCTCAGTCGGTGTAATGCAGCAGGTCGCTCC,7,0.0,0.0,0.0,0.0,0.0,14.29,85.71,0.0
ATAGAAGTTATATTCCATTGCTCAATCCGTGTAATGCAGCAGGTCCCTCC,5,0.0,0.0,0.0,0.0,0.0,40.0,60.0,0.0
ATAAAAGTTATATTCCATTGCTCAGTCGGTTCAATGCAGCAGGTCCCTCC,1,0.0,0.0,0.0,0.0,0.0,0.0,100.0,0.0
ATAAAAGTTATAGTCCATTGCTCAGTCGGTGTAATGCAGCAGGTCCCTCC,3,0.0,0.0,0.0,0.0,0.0,0.0,100.0,0.0
ATAAAAGTTATAGTCCATTGCTCAGTCGGTGTAGTGCAGCAGGTCCCTCC,2,0.0,0.0,0.0,0.0,0.0,0.0,100.0,0.0
ATAAAAGTTATATTCCATTGCTCAATCGGTGTAATGCAGCAGGTCGCTCC,4,0.0,0.0,0.0,0.0,0.0,0.0,100.0,0.0
ATAGAAGTTATGGTCCATTGCTCAGTCGGTGTAATGCAGCAGGTCCCTCC,6,0.0,0.0,0.0,0.0,0.0,33.33,66.67,0.0
ATTAAAGTTATATTCCATTGCTCAGTCGGTGTAATGCAGCAGGTCCCTCC,2,0.0,0.0,0.0,0.0,0.0,0.0,100.0,0.0
ATAGAAGTTATATTCCATTGCTCAATCGGTTCAATGCAGCAGGTCCCTCC,9,0.0,0.0,0.0,0.0,0.0,55.56,44.44,0.0
ATAGAAGTTATATTCCATTGATCAATCGGTGTAATGCAGCAGGTCCCTCC,10,0.0,0.0,0.0,0.0,0.0,90.0,10.0,0.0
ATTGAAGTTATATTCCATTGCTCAGTCGGTGTAATGCAGCAGGTCGCTCC,1,0.0,0.0,0.0,0.0,0.0,0.0,100.0,0.0
ATAAAAGTTATATTCCATTGCTCAGTCGGTGTAATGCAGCAGGTCGCTCC,9,0.0,0.0,0.0,0.0,0.0,0.0,100.0,0.0
ATTGAAGTTATATTCCATTGCTCAGTCGGTGTAATGCAGCAGATCCCTCC,1,0.0,0.0,0.0,0.0,0.0,0.0,100.0,0.0
ATAAAAGTTATATTCCATTGCTCAGTCCGTGTAATGCAGCAGGTCCCTCC,1,0.0,0.0,0.0,0.0,0.0,0.0,100.0,0.0
ATAGAAGTTATAGTCCATTGCTCAGTTGGTGTAATGCAGCAGGTCCCTCC,5,0.0,0.0,0.0,0.0,0.0,80.0,20.0,0.0
ATTAAGTCGATGGTCCACTGCTCGATTCTTTCAGTGCAGTGGAGCGCTCC,3,0.0,100.0,0.0,0.0,0.0,0.0,0.0,0.0
CTTATGTCGATGGTCCATTGATCGATTCTTGTAGTGCAGTGCAGCGCTCC,1,0.0,100.0,0.0,0.0,0.0,0.0,0.0,0.0
CTAATGTCGATGGTCCACTGATCGGTTCTTGTAGTGCAGTGGAGCGCTCC,16,43.75,56.25,0.0,0.0,0.0,0.0,0.0,0.0
CTTAAGTCGATGGTCCACTGCTCGATTCGTGTAGTGCAGTGGAGCGCTCC,1,0.0,100.0,0.0,0.0,0.0,0.0,0.0,0.0
CTAAAGTCGATGGTCCACTGCTCGGTTCTTGTAGTGCAGTGGAGCGCTCC,15,40.0,60.0,0.0,0.0,0.0,0.0,0.0,0.0
CTTGTGTCGATGGTCCACTGCTCGGTTCTTTCAGTGCAGTGGAGCGCTCC,6,16.67,83.33,0.0,0.0,0.0,0.0,0.0,0.0
ATTATGTCGATGGTCCATTGCTCGATTCTTGTAGTGCAGTGGAGCGCTCC,5,0.0,100.0,0.0,0.0,0.0,0.0,0.0,0.0
CTTATGTCGATGGTCCATTGATCGGTTCTTGTAGTGCAGTGGAGCGCTCC,4,0.0,100.0,0.0,0.0,0.0,0.0,0.0,0.0
CTTATGTCGATGGTCCACTGCTCGGTCCTTGTAGTGCAGTGGAGCGCTCC,5,20.0,80.0,0.0,0.0,0.0,0.0,0.0,0.0
CTAATGTCGATGGTCCACTGCTCGATTCTTGTAGTGCAGTGGAGCGCTCC,17,47.06,52.94,0.0,0.0,0.0,0.0,0.0,0.0
ATTATGTCGATGGTCCACTGCTCGGTTCTTTCAGTGCAGTGGAGCGCTCC,8,0.0,100.0,0.0,0.0,0.0,0.0,0.0,0.0
ATAATGTCGATGGTCCACTGCTCGGTTCTTGTAGTGCAGTGCAGCGCTCC,1,0.0,100.0,0.0,0.0,0.0,0.0,0.0,0.0
CTTGTGTCGATGGTCCACTGCTCGATTCTTGTAGTGCAGTGCAGCGCTCC,5,40.0,60.0,0.0,0.0,0.0,0.0,0.0,0.0
CTTAAGTCGATGGTCCACTGCTCGGTTCTTTCAGTGCAGTGCAGCGCTCC,5,20.0,80.0,0.0,0.0,0.0,0.0,0.0,0.0
ATTATGTCGATGGTCCACTGCTCGATTCTTGTAGTGCAGTGCAGCGCTCC,4,0.0,100.0,0.0,0.0,0.0,0.0,0.0,0.0
CTTGAGTCGATGGTCCACTGCTCGGTTCTTGTAGTGCAGTGCAGCGCTCC,1,0.0,100.0,0.0,0.0,0.0,0.0,0.0,0.0
CTTATGTCGATGGTCCACTGATCGGTTCTTGTAGTGCAGTGCAGCGCTCC,6,33.33,66.67,0.0,0.0,0.0,0.0,0.0,0.0
CTAAAGTCGATGGTCCACTGCTCGATTCTTGTAGTGCAGTGGAGCGCTCC,4,25.0,75.0,0.0,0.0,0.0,0.0,0.0,0.0
CTTATGTCTATGGTCCACTGCTCGGTTCTTGTAGTGCAGTGGAGCGCTCC,3,0.0,100.0,0.0,0.0,0.0,0.0,0.0,0.0
CTAAAGTCGATGGTCCACTGATCGGTTCTTGTAGTGCAGTGGAGCGCTCC,4,25.0,75.0,0.0,0.0,0.0,0.0,0.0,0.0
CTTATGTCTATGGTCCACTGCTCGGTTCTTGTAGTGCAGTGCAGCGCTCC,1,0.0,100.0,0.0,0.0,0.0,0.0,0.0,0.0
CTTATGTCGATGGTCCATTGCTCGGTTCTTTCAGTGCAGTGGAGCGCTCC,3,0.0,100.0,0.0,0.0,0.0,0.0,0.0,0.0
ATTGAGTCGATGGTCCACTGCTCGGTTCTTGTAGTGCAGTGGAGCGCTCC,6,0.0,100.0,0.0,0.0,0.0,0.0,0.0,0.0
CTTATGTCTATGGTCCACTGCTCGATTCTTGTAGTGCAGTGGAGCGCTCC,1,0.0,100.0,0.0,0.0,0.0,0.0,0.0,0.0
CTTAAGTCGATGGTCCATTGCTCGGTTCTTTCAGTGCAGTGCAGCGCTCC,1,0.0,100.0,0.0,0.0,0.0,0.0,0.0,0.0
CTTATGTCGATGGTCCACTGCTCGATTCTTGTAATGCAGTGGAGCGCTCC,1,0.0,100.0,0.0,0.0,0.0,0.0,0.0,0.0
CTAATGTCGATGGTCCATTGCTCGGTTCTTTCAGTGCAGTGGAGCGCTCC,5,40.0,60.0,0.0,0.0,0.0,0.0,0.0,0.0
CTTATGTCGATGGTCCATTGCTCGGTCCTTTCAGTGCAGTGGAGCGCTCC,1,0.0,100.0,0.0,0.0,0.0,0.0,0.0,0.0
CTTAAGTCGATGGTCCACTGATCGGTTCTTGTAGTGCAGTGGAGCGCTCC,20,15.0,85.0,0.0,0.0,0.0,0.0,0.0,0.0
CTTAAGTCGATGGTCCATTGCTCGGTTCTTTCAGTGCAGTGGAGCGCTCC,2,0.0,100.0,0.0,0.0,0.0,0.0,0.0,0.0
ATTAAGTCGATGGTCCACTGCTCGATTCTTGTAGTGCAGTGGAGCGCTCC,7,28.57,71.43,0.0,0.0,0.0,0.0,0.0,0.0
CTTATGTCGATGGTCCACTGCTCGGTTCTTGCAGTGCAGTGGAGCGCTCC,1,0.0,100.0,0.0,0.0,0.0,0.0,0.0,0.0
CTAGAGTCGATGGTCCACTGCTCGGTTCTTTCAGTGCAGTGGAGCGCTCC,2,50.0,50.0,0.0,0.0,0.0,0.0,0.0,0.0
CTAAAGTCGATGGTCCACTGATCGGTTCTTTCAGTGCAGTGGAGCGCTCC,2,50.0,50.0,0.0,0.0,0.0,0.0,0.0,0.0
ATTGTGTCGATGGTCCATTGCTCGATTCTTGTAGTGCAGCGGAGCGCTCC,1,0.0,100.0,0.0,0.0,0.0,0.0,0.0,0.0
CTTATGTCGATGGTCCACTGCTCGATTCTTGTAGTGCAGTGGAGCGCTTC,2,0.0,100.0,0.0,0.0,0.0,0.0,0.0,0.0
CTTGTGTCGATGGTCCATTGCTCGGTTCTTTCAGTGCAGTGGAGCGCTCC,2,0.0,100.0,0.0,0.0,0.0,0.0,0.0,0.0
CTTATGTCGATGGTCCACTGATCGATTCTTGTAGTGCAGTGGAGCGCTCC,7,42.86,57.14,0.0,0.0,0.0,0.0,0.0,0.0
ATAAAGTCGATGGTCCACTGCTCGGTTCTTGTAGTGCAGTGCAGCGCTCC,1,0.0,100.0,0.0,0.0,0.0,0.0,0.0,0.0
CTTAAGTCGATGGTCCACTGATCGGTTCTTGTAGTGCAGTGCAGCGCTCC,2,0.0,100.0,0.0,0.0,0.0,0.0,0.0,0.0
CTTGTGTCGATGGTCCACTGCTCGATTCTTTCAGTGCAGTGCAGCGCTCC,2,0.0,100.0,0.0,0.0,0.0,0.0,0.0,0.0
CTAAAGTCGATGGTCCATTGATCGGTTCTTGTAGTGCAGTGGAGCGCTCC,1,0.0,100.0,0.0,0.0,0.0,0.0,0.0,0.0
ATAAAGTCGATGGTCCACTGCTCGATTCTTGTAGTGCAGTGGAGCGCTCC,2,0.0,100.0,0.0,0.0,0.0,0.0,0.0,0.0
CTTGAGTCGATGGTCCACTGCTCGATTCTTGTAGTGCAGTGCAGCGCTCC,3,33.33,66.67,0.0,0.0,0.0,0.0,0.0,0.0
ATTGTGTCGATGGTCCACTGCTCGGTTCTTGTAGTGCAGTGGAGCGCTCC,9,33.33,66.67,0.0,0.0,0.0,0.0,0.0,0.0
ATTAAGTCGATGGTCCACTGCTCGGTTCTTGTAGTGCAGTGCAGCGCTCC,2,0.0,100.0,0.0,0.0,0.0,0.0,0.0,0.0
ATAGAGTCGATGGTCCATTGATCGGTTCTTTCAGTGCAGTGCAGCGCTCC,15,26.67,0.0,0.0,0.0,0.0,0.0,0.0,73.33
ATAGAGTCGATGGTCCATTGATCGATCCTTGTAGTGCAGTGGAGCGCTCC,1,0.0,0.0,0.0,0.0,0.0,0.0,0.0,100.0
ATAGAGTCGATGGTCCATTGATCGATTCTTTCAGTGCAGTGCAGCGCTTC,1,0.0,0.0,0.0,0.0,0.0,0.0,0.0,100.0
CTAGAGTCGATGGTCCATTGATCGATTCTTTCAGTGCAGTGGAGCGCTCC,4,0.0,0.0,0.0,0.0,0.0,0.0,0.0,100.0
ATAAAGTCGATGGTCCATTGATCGGTTCTTTCAGTGCAGTGCAGCGCTCC,1,0.0,0.0,0.0,0.0,0.0,0.0,0.0,100.0
ATAGAGTCGATGGTGCATTGATCGATTCTTTCAGTGCAGTGCAGCGCTCC,3,0.0,0.0,0.0,0.0,0.0,0.0,0.0,100.0
CTAGAGTCGATGGTCCATTGATCGATTCTTGTAGTGCAGTGCAGCGCTCC,7,42.86,0.0,0.0,0.0,0.0,0.0,0.0,57.14
ATAGAGTCGATGGTCCATTGATCGATCCTTGTAGTGCAGTGCAGCGCTCC,3,0.0,0.0,0.0,0.0,0.0,0.0,0.0,100.0
ATAGAGTCGATGGTCCATTGCTCGATTCTTTCAGTGCAGTGGAGCGCTCC,2,0.0,0.0,0.0,0.0,0.0,0.0,0.0,100.0
ATAAAAGTTATATTCCATTGCTCAGTTGGTGTAATGCAGCAGGTCCCTCC,2,0.0,0.0,0.0,0.0,0.0,50.0,50.0,0.0
CTAGAAGTTATATTCCATTGCTCAGTCGGTGTAATGCAGCAGGTCCCTCC,22,0.0,0.0,0.0,0.0,0.0,4.55,95.45,0.0
CTAGAAGTTATATTCCATTGCTCAATCGGTGTAATGCAGCAGGTCCCTCC,6,0.0,0.0,0.0,0.0,0.0,0.0,100.0,0.0
ATAGAAGTTATGTTCCATTGCTCAATTGGTGTAATGCAGCAGGTCCCTCC,2,0.0,0.0,0.0,0.0,0.0,50.0,50.0,0.0
ATAGAAGTTATATTCCATTGCTCAATCGGTGTAGTGCAGCAGGTCCCTCC,16,0.0,0.0,0.0,0.0,0.0,62.5,37.5,0.0
ATAGTAGTTATATTCCATTGCTCAATCGGTGTAATGCAGCAGGTCCCTCC,12,0.0,0.0,0.0,0.0,0.0,33.33,66.67,0.0
ATAGAAGTTATATTCCACTGCTCAGTCGGTGTAATGCAGCAGGTCCCTCC,21,0.0,0.0,0.0,0.0,0.0,23.81,76.19,0.0
ATAGAAGTGATATTCCATTGCTCAGTCGGTGTAATGCAGCAGGTCCCTCC,28,0.0,0.0,0.0,0.0,0.0,25.0,75.0,0.0
ATAGAATTTATATTCCATTGCTCAATCGGTGTAATGCAGCAGGTCGCTCC,2,0.0,0.0,0.0,0.0,0.0,0.0,100.0,0.0
ATAGAATTTATATTCCATTGCTCAATCGGTGTAATGCAGCAGGTCCCTCC,2,0.0,0.0,0.0,0.0,0.0,0.0,100.0,0.0
CTAGAAGTTATATTCCATTGCTCAGTCGGTGTAATGCAGTAGGTCCCTCC,1,0.0,0.0,0.0,0.0,0.0,0.0,100.0,0.0
CTAGAAGTTATATTCCATTGCTCAGTCGGTGTAGTGCAGCAGGTCCCTCC,3,0.0,0.0,0.0,0.0,0.0,0.0,100.0,0.0
ATAATAGTTATATTCCATTGCTCAGTCGGTGTAATGCAGCAGGTCCCTCC,2,0.0,0.0,0.0,0.0,0.0,0.0,100.0,0.0
ATAGTAGTTATATTCCATTGCTCAGTCGGTGTAATGCAGCAGGTCGCTCC,5,0.0,0.0,0.0,0.0,0.0,0.0,100.0,0.0
ATAATATTTATATTCCATTGCTCAGTCGGTGTAATGCAGCAGGTCCCTCC,1,0.0,0.0,0.0,0.0,0.0,0.0,100.0,0.0
ATAGAAGTTATATTCCATTGCTCAGTCGGTGTAATGCAGTAGGTCCCTCC,9,0.0,0.0,0.0,0.0,0.0,66.67,33.33,0.0
ATAGAAGCTTTAGTCTATTGCTCAGTCGGTGTAATGCAGCGGAGGGCTCC,2,0.0,0.0,0.0,0.0,0.0,0.0,100.0,0.0
CTAAAAGCTTTAGTCCATTGCTAAGTTGGTGTCACGCAGCAGGTCGCTCC,1,0.0,0.0,0.0,0.0,0.0,0.0,100.0,0.0
CTAAAAGCTATAGTCCATTGCCAAGTCGGTGTAACGTAGCAGGTGGCTCC,2,0.0,0.0,0.0,0.0,0.0,0.0,100.0,0.0
ATAGAAGCTATATTCCATTGCTCAATCGGTGTAATGCAGCAGGTCGCTCC,1,0.0,0.0,0.0,0.0,0.0,0.0,100.0,0.0
CTAGTAGCTTTAGTCTATTGCCAAATTGGTGTCGCGTAGCAGGTGGCTCC,2,0.0,0.0,0.0,0.0,0.0,0.0,100.0,0.0
ATAGAAGCTTTATTCCATTGCTAAGTCGGTGTAATGCAGCAGGTGGCTCC,1,0.0,0.0,0.0,0.0,0.0,0.0,100.0,0.0
ATAGAAGCTTTAGTCTATTGCTAAATCGGTGTAATGCAGCAGGTCCCTCC,1,0.0,0.0,0.0,0.0,0.0,0.0,100.0,0.0
ATAAAAGCTATAGTCCATTGCCAAGTCGGTGTAATGTAGCAGGTCGCTCC,1,0.0,0.0,0.0,0.0,0.0,0.0,100.0,0.0
CTAAAAGCTTTAGTCCATTGCTAAATCGGTGTCATGCAGCAGGTGGCTCC,5,0.0,0.0,0.0,0.0,0.0,0.0,100.0,0.0
ATAGTAGCTATATTCCATTGCCAAGTCGGTGTAATGTAGCGGAGGCCTCC,1,0.0,0.0,0.0,0.0,0.0,0.0,100.0,0.0
ATAGAAGCTATAGTCCATTGCTAAGTCGGTGTAACGCAGCAGGTGGCTCC,1,0.0,0.0,0.0,0.0,0.0,0.0,100.0,0.0
ATAGAAGCTATATTCCATTGCTCAATTGGTGTAATGTAGCAGGTGGCTCC,1,0.0,0.0,0.0,0.0,0.0,0.0,100.0,0.0
ATAGAAGCTATAGTCCATTGCTAAATCGGTGTAATGCAGCAGGTCGCTCC,1,0.0,0.0,0.0,0.0,0.0,0.0,100.0,0.0
ATAAAAGCTTTAGTCTATTGCTAAATCGGTGTAATGCAGCAGGTCCCTCC,1,0.0,0.0,0.0,0.0,0.0,0.0,100.0,0.0
ATAGAAGCTATAGTCTATTGCTCAGTCGGTGTAACGTAGCAGGTCCCTCC,3,0.0,0.0,0.0,0.0,0.0,0.0,100.0,0.0
ATAGAAGCTATAGTCCATTGCTCAATCGGTGTAACGCAGCAGGTGCCTCC,1,0.0,0.0,0.0,0.0,0.0,0.0,100.0,0.0
CTAGAAGCTATAGTCCACTGCCAAATCGGTGTAATGCAGCGGAGGGCTCC,3,0.0,0.0,0.0,0.0,0.0,0.0,100.0,0.0
ATAGAAGCTTTAGTCCATTGCTCAATCGGTGTAATGCAGCAGGTGCCTCC,8,0.0,0.0,0.0,0.0,0.0,0.0,100.0,0.0
ATAGAAGCTTTAGTCCATTGCTCAATCGGTGTAATGTAGCAGGTCCCTCC,1,0.0,0.0,0.0,0.0,0.0,0.0,100.0,0.0
CTAGAAGCTTTAGTCCATTGCTAAGTTGGTGTAACGCAGCAGGTCGCTCC,1,0.0,0.0,0.0,0.0,0.0,0.0,100.0,0.0
ATAGAAGCTTTAGTCTATTGCTCAGTCGGTGTAATGCAGCAGGTGGCTCC,2,0.0,0.0,0.0,0.0,0.0,0.0,100.0,0.0
ATAGAAGCTTTAGTCTATTGCTAAATCGGTGTAATGCAGCAGGTGGCTCC,1,0.0,0.0,0.0,0.0,0.0,0.0,100.0,0.0
ATAGAAGCTTTAGTCCATTGCTCAGTCGGTGTAACGCAGCGGAGGCCTCC,1,0.0,0.0,0.0,0.0,0.0,0.0,100.0,0.0
ATAGAAGCTTTATTCTATTGCTAAGTCGGTGTAATGCAGCAGGTGGCTCC,1,0.0,0.0,0.0,0.0,0.0,0.0,100.0,0.0
CTAAAAGCTTTATTCTATTGCCAAGTCGGTGTAGTGTAGCAGGTCGCTCC,1,0.0,0.0,0.0,0.0,0.0,0.0,100.0,0.0
ATAGAAGCTATAGTCCATTGCCAAATCGGTGTAATGTAGCAGGTGGCTCC,1,0.0,0.0,0.0,0.0,0.0,0.0,100.0,0.0
CTAGAAGCTTTAGTCTATTGCCAAATCGGTGTAATGCAGCGGAGGGCTCC,1,0.0,0.0,0.0,0.0,0.0,0.0,100.0,0.0
ATAGAAGCTTTAGTCCACTGCCAAGTTGGTGTAATGTAGCAGGTGCCTCC,1,0.0,0.0,0.0,0.0,0.0,0.0,100.0,0.0
CTAGAAGCTATAGTCCATTGCCCAATCGGTGTAGCGCAGCGGAGGGCTCC,1,0.0,0.0,0.0,0.0,0.0,0.0,100.0,0.0
CTAAAAGCTTTAGTCCATTGCCAAGTCGGTGTCACGCAGCAGGTGGCTCC,1,0.0,0.0,0.0,0.0,0.0,0.0,100.0,0.0
ATAGAAGCTTTAGTCCATTGCTAAATCGGTGTAATGCAGCAGGTGCCTCC,2,0.0,0.0,0.0,0.0,0.0,0.0,100.0,0.0
CTAGAAGCTATAGTCCATTGCTCAGTCGGTGTCATGCAGCAGGTGCCTCC,1,0.0,0.0,0.0,0.0,0.0,0.0,100.0,0.0
ATAAAAGCTATAGTCCATTGCTCAATCGGTGTAATGCAGCAGGTGCCTCC,1,0.0,0.0,0.0,0.0,0.0,0.0,100.0,0.0
CTAGAAGCTATAGTCTATTGCTCAATCGGTGTAATGCAGCGGAGGGCTCC,1,0.0,0.0,0.0,0.0,0.0,0.0,100.0,0.0
CTAGAAGCTTTAGTCTATTGCTCAGTCGGTGTAACGCAGCAGGTCGCTCC,1,0.0,0.0,0.0,0.0,0.0,0.0,100.0,0.0
ATAGAAGCTTTAGTCCATTGCTAAATCGGTGTAATGCAGCGGAGGCCTCC,1,0.0,0.0,0.0,0.0,0.0,0.0,100.0,0.0
CTAGAAGCTTTAGTCTATTGCTAAATCGGTGTCATGCAGCAGGTCGCTCC,1,0.0,0.0,0.0,0.0,0.0,0.0,100.0,0.0
CTAAAAGCTTTAGTCCATTGCTAAATCGGTGTAATGCAGCAGGTGGCTCC,1,0.0,0.0,0.0,0.0,0.0,0.0,100.0,0.0
ATAGAAGCTATATTCCATTGCTCAATCGGTGTAATGCAGCAGGTGCCTCC,2,0.0,0.0,0.0,0.0,0.0,0.0,100.0,0.0
ATAAAAGCTTTAGTCCATTGCTCAATCGGTGTCATGCAGCAGGTGCCTCC,1,0.0,0.0,0.0,0.0,0.0,0.0,100.0,0.0
ATAGAAGCTATAGTCCATTGCTCAGTCGGTGTAATGTAGCAGGTGGCTCC,1,0.0,0.0,0.0,0.0,0.0,0.0,100.0,0.0
ATAGTAGCTATAGTCCATTGCTCAGTCGGTGTAATGCAGCGGAGGCCTCC,1,0.0,0.0,0.0,0.0,0.0,0.0,100.0,0.0
ATAGAAGCTTTAGTCCATTGCTCAATCGGTGTAATGCAGCAGGTGGCTCC,1,0.0,0.0,0.0,0.0,0.0,0.0,100.0,0.0
CTAGAAGCTATAGTCCATTGCTCAATCGGTGTAATGCAGCAGGTGGCTCC,1,0.0,0.0,0.0,0.0,0.0,0.0,100.0,0.0
ATAGAAGCTATAGTCTATTGCTCAATCGGTGTAATGCAGCAGGTGCCTCC,1,0.0,0.0,0.0,0.0,0.0,0.0,100.0,0.0
ATAGAAGCTTTATTCCATTGCCAAATCGGTGTAATGTAGCAGGTGGCTCC,1,0.0,0.0,0.0,0.0,0.0,0.0,100.0,0.0
ATAGAAGCTTTAGTCTATTGCTAAGTCGGTGTAATGCAGCAGGTGGCTCC,1,0.0,0.0,0.0,0.0,0.0,0.0,100.0,0.0
ATAGAAGCTATAGTCCACTGCTAAGTCGGTGTAATGCAGCAGGTGGCTCC,1,0.0,0.0,0.0,0.0,0.0,0.0,100.0,0.0
ATAGAAGCTATAGTCCATTGCCAAATCGGTGTAATGCAGCAGGTGCCTCC,1,0.0,0.0,0.0,0.0,0.0,0.0,100.0,0.0
CTAGAAGCTTTAGTCCATTGCTAAGTTGGTGTAATGCAGCGGAGGGCTCC,1,0.0,0.0,0.0,0.0,0.0,0.0,100.0,0.0
ATAAAAGCTTTAGTCCATTGCTCAATCGGTGTCACGCAGCAGGTGGCTCC,1,0.0,0.0,0.0,0.0,0.0,0.0,100.0,0.0
ATAAAGTCGATGGTCCACTGATCGATTCTTTCAGTGCAGTGCAGCGCTCC,4,25.0,0.0,0.0,0.0,0.0,0.0,0.0,75.0
CTAGAGTCGATGGTCCACTGATCGATTCTTTCAGTGCAGTGCAGCGCTCC,2,50.0,0.0,0.0,0.0,0.0,0.0,0.0,50.0
ATAAAGTCGATGGTCCATTGATCGATTCTTGTAGTGCAGTGCAGCGCTCC,4,25.0,0.0,0.0,0.0,0.0,0.0,0.0,75.0
ATAGAGTCGATGGTGCACTGATCGATTCTTTCAGTGCAGTGCAGCGCTCC,1,0.0,0.0,0.0,0.0,0.0,0.0,0.0,100.0
ATAGAGTCGATGGTCCATTGCTCGATTCTTGTAGTGCAGTGGAGCGCTCC,4,25.0,0.0,0.0,0.0,0.0,0.0,0.0,75.0
ATAGAGTCGATGTTCCATTGATCGATTCTTGCAGTGCAGTGCAGCGCTCC,1,0.0,0.0,0.0,0.0,0.0,0.0,0.0,100.0
ATAGAGTCGATGTTCCATTGATCGATTCTTTCAGTGCAGTGCAGCGCTCC,6,16.67,0.0,0.0,0.0,0.0,0.0,0.0,83.33
CTAGAAGCTTTAGTCTACTGCCAAATCGGTGTCGCGTAGCAGGTGGCTCC,2,0.0,0.0,0.0,100.0,0.0,0.0,0.0,0.0
ATTGAAGCTTTAGTCTATTGCCAAATTGGTGTCGCGTAGCAGGTGGCTCC,1,0.0,0.0,0.0,100.0,0.0,0.0,0.0,0.0
ATAAAAGCTATAGTCCATTGCCAAGTCGGTGTCGCGTAGCAGGTGGCTCC,1,0.0,0.0,0.0,100.0,0.0,0.0,0.0,0.0
CTAGTAGCTTTAGTCTATTGCCAAGTCGGTGTCACGCAGCAGGTCGCTCC,1,0.0,0.0,0.0,100.0,0.0,0.0,0.0,0.0
ATAGAAGCTTTAGTCTATTGCCAAGTCGGTGTCACGTAGCAGGTCGCTCC,1,0.0,0.0,0.0,100.0,0.0,0.0,0.0,0.0
CTAATAGCTTTAGTCTATTGCTAAGTTGGTGTAGCGCAGCAGGTGGCTCC,1,0.0,0.0,0.0,100.0,0.0,0.0,0.0,0.0
CTAGAAGCTTTAGTCTATTGCCAAGTCGGTGTCGCGTAGCGGAGCGCTCC,1,0.0,0.0,0.0,100.0,0.0,0.0,0.0,0.0
CTAGAAGCTTTAGTCTATTGCCAAGTCGGTGTCACGTAGCAGGTGGCTCC,2,0.0,0.0,0.0,100.0,0.0,0.0,0.0,0.0
CTAGAAGCTTTAGTCTACTGCCAAGTCGGTGTCATGTAGCAGGTGGCTCC,1,0.0,0.0,0.0,100.0,0.0,0.0,0.0,0.0
CTAGAGTTTTTAGTCTATTGCCAAGTTGGTGTAGCGTAGCAGGTCGCTCC,3,0.0,0.0,0.0,100.0,0.0,0.0,0.0,0.0
CTAGAAGTTATATTCTATTGCCAAGTCGGTGTCGCGTAGCGGAGGGCTCC,1,0.0,0.0,0.0,100.0,0.0,0.0,0.0,0.0
ATAGAAGCTTTAGTCCATTGCCAAGTTGGTGTCACGTAGCGGAGCGCTCC,1,0.0,0.0,0.0,100.0,0.0,0.0,0.0,0.0
CTAGAAGCTTTAGTCTACTGCTCAGTCGGTGTCACGTAGCAGGTGGCTCC,1,0.0,0.0,0.0,100.0,0.0,0.0,0.0,0.0
CTAGAAGCTTTAGTCCATTGCCAAGTTGGTGTCGTGTAGCAGGTCGCTCC,1,0.0,0.0,0.0,100.0,0.0,0.0,0.0,0.0
CTAGAAGCTTTAGTCTACTGCCAAGTTGGTGTCGCGCAGCAGGTGGCTCC,1,0.0,0.0,0.0,100.0,0.0,0.0,0.0,0.0
ATAGTAGTTTTATTCTACTGCCAAGTCGGTGTCGCGTAGCGGAGGGCTCC,1,0.0,0.0,0.0,100.0,0.0,0.0,0.0,0.0
ATAGTAGCTTTAGTCTATTGCCAAGTTGGTGTAACGTAGCAGGTGGCTCC,1,0.0,0.0,0.0,100.0,0.0,0.0,0.0,0.0
CTAGAAGTTTTAGTCTATTGCCAAGTTGGTGTCGCGCAGCAGGTGGCTCC,2,0.0,0.0,0.0,100.0,0.0,0.0,0.0,0.0
ATAGAAGCTTTAGTCCATTGCCAAGTCGGTGTCGCGTAGCGGAGGGCTCC,1,0.0,0.0,0.0,100.0,0.0,0.0,0.0,0.0
CTAGTAGCTTTAGTCTACTGCCAAGTCGGTGTCGCGTAGCAGGTGGCTCC,1,0.0,0.0,0.0,100.0,0.0,0.0,0.0,0.0
CTAGTAGCTTTAGTCTATTGCCAAATCGGTGTCGCGTAGCAGGTGGCTCC,1,0.0,0.0,0.0,100.0,0.0,0.0,0.0,0.0
ATAGAAGCTTTAGTCCATTGCCAAGTTGGTGTCGTGTAGCAGGTGGCTCC,2,0.0,0.0,0.0,100.0,0.0,0.0,0.0,0.0
CTAAAAGCTTTAGTCCATTGCCAAGTCGGTGTAGCGTAGCAGGTGCCTCC,1,0.0,0.0,0.0,100.0,0.0,0.0,0.0,0.0
CTAGAAGCTTTAGTCTATTGCCAAGTCGGTGTCATGCAGCAGGTGGCTCC,2,0.0,0.0,0.0,100.0,0.0,0.0,0.0,0.0
CTAGAAGCTTTAGTCTATTGCCCAGTCGGTGTCACGTAGCAGGTGCCTCC,1,0.0,0.0,0.0,100.0,0.0,0.0,0.0,0.0
CTAGAAGCTTTAGTCTATTGCCAAGTTCGTGTCGCGTAGCAGGTGGCTCC,1,0.0,0.0,0.0,100.0,0.0,0.0,0.0,0.0
CTAGAAGCTTTAGTCCATTGCCAAGTTGGTGTCGCGTAGCAGGTGCCTCC,1,0.0,0.0,0.0,100.0,0.0,0.0,0.0,0.0
CTAGAAGCTATAGTCTATTGCCCAGTTGGTGTCACGCAGCAGGTCGCTCC,1,0.0,0.0,0.0,100.0,0.0,0.0,0.0,0.0
CTAAAAGCTTTAGTCCACTGCCAAGTTGGTGTCGCGTAGCAGGTGGCTCC,1,0.0,0.0,0.0,100.0,0.0,0.0,0.0,0.0
CTAGAAGCTTTAGTCTATTGCCAAGTCGGTGTCACGTAGCAGGTGCCTCC,1,0.0,0.0,0.0,100.0,0.0,0.0,0.0,0.0
ATAGAAGTTTTAGTCTATTGCCAAGTTGGTGTCACGTAGTAGGTGGCTCC,1,0.0,0.0,0.0,100.0,0.0,0.0,0.0,0.0
CTAGAAGCTTTAGTCCATTGCCAAATTGGTGTCACGCAGCGGAGCCCTCC,1,0.0,0.0,0.0,100.0,0.0,0.0,0.0,0.0
CTAGAAGCTTTAGTCCATTGCCAAGTTGGTGTCACGTAGCAGGTGCCTCC,1,0.0,0.0,0.0,100.0,0.0,0.0,0.0,0.0
ATAGAAGCTATAGTCTATTGCTAAGTTGGTGTCACGTAGCGGAGGGCTCC,1,0.0,0.0,0.0,100.0,0.0,0.0,0.0,0.0
ATAGAAGCTATAGTCTATTGCCAAGTTCGTGTCGCGCAGCGGAGGGCTCC,1,0.0,0.0,0.0,100.0,0.0,0.0,0.0,0.0
ATAGAAGCTTTAGTCCATTGCTCAGTCGGTGTAGCGTAGCGGAGGGCTCC,1,0.0,0.0,0.0,100.0,0.0,0.0,0.0,0.0
ATAGAAGCTTTAGTCTATTGCCAAGTTGGTGTAACGTAGCGGAGGGCTCC,1,0.0,0.0,0.0,100.0,0.0,0.0,0.0,0.0
ATAGAAGCTATAGTCTATTGCCAAGTTGGTGTCGTGTAGCAGGTGGCTCC,2,0.0,0.0,0.0,100.0,0.0,0.0,0.0,0.0
CTAATAGCTTTAGTCTATTGCCAAGTCGGTGTCACGCAGTAGGTGGCTCC,1,0.0,0.0,0.0,100.0,0.0,0.0,0.0,0.0
ATAGAAGCTTTAGTCTATTGCCAAGTTGGTGTCGTGCAGCAGGTGGCTCC,1,0.0,0.0,0.0,100.0,0.0,0.0,0.0,0.0
CTAGTAGCTATAGTCTACTGCCAAGTCGGTGTAGCGTAGCAGGTGGCTCC,1,0.0,0.0,0.0,100.0,0.0,0.0,0.0,0.0
ATAGAAGCTTTAGTCTATTGCTCAGTCGGTGTCGCGTAGCAGGTCGCTCC,1,0.0,0.0,0.0,100.0,0.0,0.0,0.0,0.0
CTAAAAGCTTTAGTCTATTGCTAAGTTGGTGTAACGTAGCAGGTGGCTCC,1,0.0,0.0,0.0,100.0,0.0,0.0,0.0,0.0
CTAAAAGCTTTAGTCTATTGCTAAGTCGGTGTCGCGTAGCAGGTGGCTCC,4,0.0,0.0,0.0,100.0,0.0,0.0,0.0,0.0
CTAAAAGCTTTAGTCTACTGCCAAGTTGGTGTCGCGTAGCAGGTGGCTCC,1,0.0,0.0,0.0,100.0,0.0,0.0,0.0,0.0
ATAGTAGCTATAGTCTATTGCCCAGTTGGTGTAACGTAGCAGGTGGCTCC,1,0.0,0.0,0.0,100.0,0.0,0.0,0.0,0.0
CTAGAAGTTTTATTCTACTGCTAAGTTGGTGTCGCGTAGCAGGTGGCTCC,1,0.0,0.0,0.0,100.0,0.0,0.0,0.0,0.0
CTAGAAGCTATAGTCTATTGCCAAGTTGGTGTCGCGTAGCAGGTGGCTCC,2,0.0,0.0,0.0,100.0,0.0,0.0,0.0,0.0
CTAATAGTTTTAGTCTACTGCCAAGTCGGTGTCGCGTAGCAGGTGGCTCC,1,0.0,0.0,0.0,100.0,0.0,0.0,0.0,0.0
CTAGAAGCTTTAGTCCACTGCCAAGTCGGTGTCACGTAGCGGAGGGCTCC,1,0.0,0.0,0.0,100.0,0.0,0.0,0.0,0.0
CTAAAAGCTTTAGTCTACTGCCAAGTTGGTGTCACGTAGCAGGTGGCTCC,1,0.0,0.0,0.0,100.0,0.0,0.0,0.0,0.0
CTAAAAGCTTTAGTCTATTGCTCAATTGGTGTAATGTAGCAGGTGGCTCC,2,0.0,0.0,0.0,100.0,0.0,0.0,0.0,0.0
CTAGAAGCTTTAGTCTATTGCCAGGTCGGTGTCGCGTAGCAGGTGGCTCC,1,0.0,0.0,0.0,100.0,0.0,0.0,0.0,0.0
ATAGTAGCTATAGTCTATTGCCAAGTTGGTGTCGCGTAGCAGGTGGCTCC,1,0.0,0.0,0.0,100.0,0.0,0.0,0.0,0.0
CTAGAAGCTTTAGTCCACTGCCAAGTCGGTGTCGCGTAGCGGAGGGCTCC,1,0.0,0.0,0.0,100.0,0.0,0.0,0.0,0.0
CTAGAAGCTTTAGTCTATTGCCAAGTTGGTGTCGCGTAGCAGGTGGCTCC,1,0.0,0.0,0.0,100.0,0.0,0.0,0.0,0.0
CTAGAAGCTTTAGTCTATTGCCAAGTCGGTGTCGCGTAGCGGAGGGCTCC,1,0.0,0.0,0.0,100.0,0.0,0.0,0.0,0.0
CTAAAAGCTTTAGTCTATTGCCAAGTTGGTGTCGCGTAGCAGGTGGCTCC,1,0.0,0.0,0.0,100.0,0.0,0.0,0.0,0.0
ATAGTAGCTTTAGTCTATTGCCAAATTGGTGTCGTGTAGCAGGTGGCTCC,1,0.0,0.0,0.0,100.0,0.0,0.0,0.0,0.0
CTAAAAGCTTTAGTCTATTGCCAAGTCGGTGTCACGTAGCGGAGGGCTCC,8,0.0,0.0,0.0,100.0,0.0,0.0,0.0,0.0
ATAGAAGCTTTAGTCTATTGCCAAATTGGTGTCGCGTAGCAGGTGGCTCC,2,0.0,0.0,0.0,100.0,0.0,0.0,0.0,0.0
ATAGAAGCTTTAGTCTACTGCCAAGTTGGTGTCACGTAGCAGGTGGCTCC,1,0.0,0.0,0.0,100.0,0.0,0.0,0.0,0.0
ATAAAAGCTTTAGTCTATTGCCAGGTTGGTGTAACGTAGCAGGTGGCTCC,1,0.0,0.0,0.0,100.0,0.0,0.0,0.0,0.0
CTAGAAGCTTTAGTCTATTGCCAAGTTGGTGTCACGTAGCAGGTGGCTCC,1,0.0,0.0,0.0,100.0,0.0,0.0,0.0,0.0
CTAAAAGCTTTAGTCTATTGCCAAATCGGTGTCGCGTAGCAGGTGGCTCC,1,0.0,0.0,0.0,100.0,0.0,0.0,0.0,0.0
ATAATAGCTATAGTCTACTGCTAAATCGGTGTCGCGTAGCAGGTGGCTCC,2,0.0,0.0,0.0,100.0,0.0,0.0,0.0,0.0
ATAAAAGTTTTATTCTATTGCCAAGTTGGTGTCGCGTAGCAGGTGGCTCC,1,0.0,0.0,0.0,100.0,0.0,0.0,0.0,0.0
ATAAAAGTTTTAGTCTATTGCCAGGTCGGTGTCGCGTAGCGGAGGGCTCC,1,0.0,0.0,0.0,100.0,0.0,0.0,0.0,0.0
ATAAAAGCTTTAGTCTATTGCCAGGTTGGTGTCGCGTAGCAGGTGGCTCC,1,0.0,0.0,0.0,100.0,0.0,0.0,0.0,0.0
CTAATAGCTTTAGTCCATTGCCAAGTCGGTGTAACGTAGCAGGTGGCTCC,1,0.0,0.0,0.0,100.0,0.0,0.0,0.0,0.0
CTAGAAGCTATAGTCCATTGCCAAGTCGGTGTAGCGTAGCGGAGGGCTCC,1,0.0,0.0,0.0,100.0,0.0,0.0,0.0,0.0
ATAAAAGCTTTAGTCTATTGCCAAATTGGTGTAGCGTAGCAGGTGGCTCC,1,0.0,0.0,0.0,100.0,0.0,0.0,0.0,0.0
CTAGAAGCTATAGTCTACTGCCAAGTTGGTGTCGCGTAGCAGGTGGCTCC,2,0.0,0.0,0.0,100.0,0.0,0.0,0.0,0.0
CTAGAAGCGTTAGTCTATTGCCAAATCGGTGTCATGCAGCAGGTGGCTCC,1,0.0,0.0,0.0,100.0,0.0,0.0,0.0,0.0
ATAGAAGCTTTAGTCTATTGCCAAGTCGGTGTCACGTAGCAGGTGGCTCC,1,0.0,0.0,0.0,100.0,0.0,0.0,0.0,0.0
ATAGAAGCTTTAGTCTATTGCCAAGTTGGTGTCGCGTAGCAGGTGGCTCC,1,0.0,0.0,0.0,100.0,0.0,0.0,0.0,0.0
CGAGAATTGATGGCCCATTGATCGATTCGAGTAGTACGATGCAGCGCTCC,3,0.0,0.0,0.0,0.0,100.0,0.0,0.0,0.0
AGAGAAGCGATGGCCCATTGCTCGATTCTTGTAGTACGATGCAGCGCTCC,1,0.0,0.0,0.0,0.0,100.0,0.0,0.0,0.0
AGAGAAGCGATGGCCCATTGCTCGATTCTAGTAGTGCGATGCAGCGCTCC,8,0.0,0.0,0.0,0.0,100.0,0.0,0.0,0.0
CGAGAAGTGATGGCCCATTGCTCGATTCGAGTAGTACGACGGAGCGCTCC,1,0.0,0.0,0.0,0.0,100.0,0.0,0.0,0.0
CGAGAATTGATGGCCCATTGCTCGATTCTAGTAGTACGATGCAGCGCTCC,2,0.0,0.0,0.0,0.0,100.0,0.0,0.0,0.0
CGAGAAGTGATGGCCCATTGATCGATTCGAGTAGTACGACGGAGCGCTCC,3,0.0,0.0,0.0,0.0,100.0,0.0,0.0,0.0
AGAGAATTGATGGCCCATTGATCGATTCTAGTAGTACGATGCAGCGCTCC,2,0.0,0.0,0.0,0.0,100.0,0.0,0.0,0.0
ATAGAAGCTATATTCCATTGCTCAGTCCGTGTAGTGCAGCAGGTCCCTCC,1,0.0,0.0,0.0,0.0,0.0,100.0,0.0,0.0
ATAGAAGTTATATTCCATTGCTCAATCGGTGTAGTGCAGTAGGTCCCTCC,1,0.0,0.0,0.0,0.0,0.0,100.0,0.0,0.0
ATAGAAGTGATATTCCATTGCTCAGTTGGTGTAATGCAGCAGGTCCCTCC,3,0.0,0.0,0.0,0.0,0.0,100.0,0.0,0.0
ATAGTAGTGATATTCCATTGCTCAATCCTTGTAATGCAGCAGGTCCCTCC,1,0.0,0.0,0.0,0.0,0.0,100.0,0.0,0.0
ATAGAAGTTATATTCCATTGATCAATCCTTGTAATGCAGCAGGTCCCTCC,1,0.0,0.0,0.0,0.0,0.0,100.0,0.0,0.0
ATAGAAGTTATAGTCCATTACTCAATCGGTTCAATGCAGCAGGTCGCTCC,1,0.0,0.0,0.0,0.0,0.0,100.0,0.0,0.0
ATAGAAGTTATAGTCCATTGATCAATCGGTGTAATGCAGCAGGTCCCTCC,1,0.0,0.0,0.0,0.0,0.0,100.0,0.0,0.0
ATAGAAGTTATATTCCATTGCTCAGTTGGTGTAATGCAGCAGGTCGCTCC,2,0.0,0.0,0.0,0.0,0.0,100.0,0.0,0.0
ATAGAAGTTATATTCCACTGATCAATCGGTGTAGTGCAGCAGGTCCCTCC,1,0.0,0.0,0.0,0.0,0.0,100.0,0.0,0.0
ATAGAAGTTATATTCCATTGATCAGTCGGTGTAATGCAGCAGGTCCCTCC,9,0.0,0.0,0.0,0.0,0.0,88.89,11.11,0.0
ATAGAAGTTATATTCCACTGCTCAATCGGTGTAATGCAGCAGGTCCCTCC,8,0.0,0.0,0.0,0.0,0.0,62.5,37.5,0.0
CTAGAGGTTATATTCCATTGCTCAATCGGTTCAATGCAGCAGGTCCCTCC,1,0.0,0.0,0.0,0.0,0.0,100.0,0.0,0.0
ATAAAAGTTATATTCCATTGCTCAGTTGGTGTAATGCAGCAGGTCGCTCC,1,0.0,0.0,0.0,0.0,0.0,100.0,0.0,0.0
ATAGAAGTGATATTCCATTGCTCGGTTGGTGTAGTGCAGCAGGTCCCTCC,1,0.0,0.0,0.0,0.0,0.0,100.0,0.0,0.0
ATAGAAGTTATAGTCCATTGCTCAATCGGTTCAATGCAGCAGGTCCCTCC,2,0.0,0.0,0.0,0.0,0.0,100.0,0.0,0.0
ATTGAAGTTATAGTCCATTGCTCAGTCGGTGTAGTGCAGCAGGTCCCTCC,1,0.0,0.0,0.0,0.0,0.0,100.0,0.0,0.0
ATAGAAGTTATATTCCATTGATCAGTCGGTGTAATGCAGTAGGTCCCTCC,1,0.0,0.0,0.0,0.0,0.0,100.0,0.0,0.0
ATAGAAGCTATATTCCATTGCTCAATCGGTGTAATGCAGCAGGTCCCTCC,5,0.0,0.0,0.0,0.0,0.0,80.0,20.0,0.0
ATAGAAGTTATAGTCCATTGCTCAATTGGTGTAATGCAGCAGATCCCTCC,1,0.0,0.0,0.0,0.0,0.0,100.0,0.0,0.0
ATAGAAGTTATAGTCCATTGCTCAGTCCTTGTAATGCAGCAGGTCCCTCC,2,0.0,0.0,0.0,0.0,0.0,100.0,0.0,0.0
ATAGAAGTTATATTCCATTGCTCGGTTGGTGTAGTGCAGCAGGGCCCTCC,1,0.0,0.0,0.0,0.0,0.0,100.0,0.0,0.0
ATAGAAGCTATATTCCATTGCTCAGTCGGTGTAATGCAGCAGGTCGCTCC,1,0.0,0.0,0.0,0.0,0.0,100.0,0.0,0.0
ATAGAAGTGATATTCCACTGCTCAATCGGTTCAATGCAGCAGGTCCCTCC,2,0.0,0.0,0.0,0.0,0.0,100.0,0.0,0.0
ATAGAAGTTATGTTCCATTGCTCGATCGGTGTAATGCAGCAGGTCCCTCC,1,0.0,0.0,0.0,0.0,0.0,100.0,0.0,0.0
CTAGTGTCGATGGTCCACTGATCGGTTCTTGTAGTGCAGTGGAGCGCTCC,3,66.67,33.33,0.0,0.0,0.0,0.0,0.0,0.0
CTAAAGTCGATGGTCCACTGCTCGGTTCTTTCAGTGCAGTGGAGCGCTCC,4,0.0,100.0,0.0,0.0,0.0,0.0,0.0,0.0
CTAAAGTCGATGGTCCACTGATCGGTTCTTTTAGTGCAGTGGAGCGCTCC,1,0.0,100.0,0.0,0.0,0.0,0.0,0.0,0.0
CTTGTGTCGATGGTCCACTGCTCGGTTGGTGTAGTGCAGTGGAGCGCTCC,1,0.0,100.0,0.0,0.0,0.0,0.0,0.0,0.0
ATTATGTCGATGGTCCACTGATCGGTTCTTGTAGTGCAGTGGAGCGCTCC,6,33.33,66.67,0.0,0.0,0.0,0.0,0.0,0.0
CTTATGTCGATGGTCCACTGATCGATTCTTTCAGTGCAGTGGAGCGCTCC,3,66.67,33.33,0.0,0.0,0.0,0.0,0.0,0.0
CTTGAGTCGATGGTCCATTGCTCGGTTCTTGTAGTGCAGTGCAGCGCTCC,2,0.0,100.0,0.0,0.0,0.0,0.0,0.0,0.0
ATTGTGTCGATGGTCCACTGCTCGATTCTTGTAGTGCAGTGGAGCGCTCC,1,0.0,100.0,0.0,0.0,0.0,0.0,0.0,0.0
ATTATGTCGATGGTCCACTGATCGGTTCTTTCAGTGCAGTGCAGCGCTCC,1,0.0,100.0,0.0,0.0,0.0,0.0,0.0,0.0
ATTAAGTCGATGGTCCACTGATCGGTTCTTGTAGTGCAGTGGAGCGCTCC,3,0.0,100.0,0.0,0.0,0.0,0.0,0.0,0.0
ATTATGTCGATGGTCCACTGCTCGATTCTTTCAGTGCAGTGGAGCGCTCC,3,0.0,100.0,0.0,0.0,0.0,0.0,0.0,0.0
CTTATGTCGATGGTCCACTGATCGGTCCTTGTAGTGCAGTGGAGCGCTCC,1,0.0,100.0,0.0,0.0,0.0,0.0,0.0,0.0
ATAAAGTCGATGGTCCACTGATCGGTTCTTGTAGTGCAGTGGAGCGCTCC,2,50.0,50.0,0.0,0.0,0.0,0.0,0.0,0.0
ATAAAGTCGATGGTCCATTGCTCGGTTCTTGTAGTGCAGTGGAGCGCTCC,2,0.0,50.0,0.0,0.0,0.0,0.0,0.0,50.0
ATTGTGTCGATGGTCCATTGCTCGATTCTTGTAGTGCAGTGGAGCGCTCC,2,0.0,100.0,0.0,0.0,0.0,0.0,0.0,0.0
CTAATGTCGATGGTCCATTGCTCGGTTCTTGTAGTGCAGTGGAGCGCTCC,8,25.0,75.0,0.0,0.0,0.0,0.0,0.0,0.0
CTTAAGTCGATGGTCCACTGCTCGGTTCTTTCAGTGCAGTGGAGCGCTCC,5,20.0,80.0,0.0,0.0,0.0,0.0,0.0,0.0
CTTATGTCGATGGTCCACTGCTCGGTTGGTGTAGTGCAGTGGAGCGCTCC,2,0.0,100.0,0.0,0.0,0.0,0.0,0.0,0.0
CTAATGTCGATGGTCCACTGCTCGGTTCTTTCAGTGCAGTGGAGCGCTCC,5,20.0,80.0,0.0,0.0,0.0,0.0,0.0,0.0
CTTATGTCGATGGTCCATTGATCGGTTCTTTCAGTGCAGTGGAGCGCTCC,5,20.0,80.0,0.0,0.0,0.0,0.0,0.0,0.0
ATAGAAGTTATATTCCATTGCTCAGTCGGTGTAATGCAGCGGAGCCCTCC,10,0.0,0.0,0.0,0.0,0.0,0.0,100.0,0.0
ATAGAAGTTATATTCCATTGCTCAGTCGGTGTAATGCAGCGGAGCGCTCC,1,0.0,0.0,0.0,0.0,0.0,0.0,100.0,0.0
ATAAAAGTTATATTCCATTGCTCAGTCGGTGTAGTGCAGCAGGTCCCTCC,1,0.0,0.0,0.0,0.0,0.0,0.0,100.0,0.0
ATAAAAGTGATAGTCCATTGCTCAGTCGGTGTAATGCAGCAGGTCCCTCC,1,0.0,0.0,0.0,0.0,0.0,0.0,100.0,0.0
AGAGAGTCGATGGCCCATTGCTCGATTCGAGTAGTACGACGGAGCGCTCC,1,0.0,0.0,0.0,0.0,100.0,0.0,0.0,0.0
CTTGTGTCGATGGTCCATTGCTCGGTTCTTGTAGTGCAGTGCAGCGCTCC,1,0.0,100.0,0.0,0.0,0.0,0.0,0.0,0.0
CTAGTGTCGATGGTCCATTGCTCGATTCTTGTAGTGCAGTGGAGCGCTCC,3,66.67,33.33,0.0,0.0,0.0,0.0,0.0,0.0
ATTGAAGTTATATTCCATTGCTCAATCGGTGTAATGCAGCAGGTCGCTCC,1,0.0,0.0,0.0,0.0,0.0,0.0,100.0,0.0
ATAGAAGTTATATTCCATTGATCAGTCGGTGTAATGCAGCAGGTCGCTCC,8,0.0,0.0,0.0,0.0,0.0,87.5,12.5,0.0
ATAGAAGTTATATTCCATTACTCAATCGGTGTAATGCAGCAGGTCCCTCC,2,0.0,0.0,0.0,0.0,0.0,50.0,50.0,0.0
ATAGAAGTTATATTCCATTACTCAGTCGGTGTAATGCAGCAGGTCGCTCC,1,0.0,0.0,0.0,0.0,0.0,0.0,100.0,0.0
ATAGAAGTTATATTCCACTGCTCAGTTGGTTCAATGCAGCAGGTCCCTCC,3,0.0,0.0,0.0,0.0,0.0,66.67,33.33,0.0
ATTGAAGTTATATTCCATTGCTCAATCGGTGTAATGCAGCGCAGCCCTCC,3,0.0,0.0,0.0,0.0,0.0,0.0,100.0,0.0
ATAGAAGTTATGTTCCATTGCTCAGTTGGTGTAATGCAGCAGGTCCCTCC,1,0.0,0.0,0.0,0.0,0.0,0.0,100.0,0.0
ATAGAAGTTATATTCCATTGCTCGATCGGTGTAATGCAGCAGGTCCCTCC,3,0.0,0.0,0.0,0.0,0.0,66.67,33.33,0.0
ATAGAAGTGATATTCCATTGCTCAGTCGGTGTAATGCAGCAGGTCGCTCC,5,0.0,0.0,0.0,0.0,0.0,60.0,40.0,0.0
ATAGAAGTGATATTCCATTGCTCAATCGGTGTAATGCAGCAGGTCCCTCC,14,0.0,0.0,0.0,0.0,0.0,42.86,57.14,0.0
ATAGAAGTTATATTCCATTGCTCAATCGGTGTAATGCAGCGGAGCCCTCC,2,0.0,0.0,0.0,0.0,0.0,50.0,50.0,0.0
ATAGAAGTTATGTTCCATTGCTCAATCGGTGTAATGCAGCAGGTCCCTCC,12,0.0,0.0,0.0,0.0,0.0,58.33,41.67,0.0
ATTGAAGCGATATTCCATTGCTCAATCGGTGTAATGCAGCAGGTCCCTCC,1,0.0,0.0,0.0,0.0,0.0,0.0,100.0,0.0
ATAGAAGCTATATTCCATTGCTCAGTCCGTGTAATGCAGCAGGTCCCTCC,1,0.0,0.0,0.0,0.0,0.0,0.0,100.0,0.0
ATAGAAGTGATATTCCATTGCTCAGTCGGTGTAGTGCAGCAGGTCCCTCC,5,0.0,0.0,0.0,0.0,0.0,20.0,80.0,0.0
ATAGAAGTTATATTCCATTGCTCAGTCGGTTCAATGCAGCAGGTCCCTCC,19,0.0,0.0,0.0,0.0,0.0,57.89,42.11,0.0
ATAGAAGTTATGGTCCATTGCTCAATCGGTGTAATGCAGCAGGTCCCTCC,6,0.0,0.0,0.0,0.0,0.0,83.33,16.67,0.0
ATAAAAGTTATATTCCATTGCTCAATTGGTGTAGTGCAGCAGGTCGCTCC,1,0.0,0.0,0.0,0.0,0.0,0.0,100.0,0.0
ATAGAATTTATAGTCCATTGCTCAGTTGGTGTAATGCAGCAGGTCCCTCC,1,0.0,0.0,0.0,0.0,0.0,0.0,100.0,0.0
ATAGAAGTTATGTTCCATTGCTCAGTCGGTGTAATGCAGCAGGTCCCTCC,15,0.0,0.0,0.0,0.0,0.0,73.33,26.67,0.0
ATAGAAGTTATATTCCATTGCTCGGTCGGTGTAATGCAGCAGGTCCCTCC,2,0.0,0.0,0.0,0.0,0.0,0.0,100.0,0.0
ATAGAAGTTATGTTCCACTGCTCAGTCGGTGTAATGCAGCAGGTCCCTCC,1,0.0,0.0,0.0,0.0,0.0,0.0,100.0,0.0
ATAGAAGTTATAGTCCATTGATCAGTCGGTGTAATGCAGCAGGTCCCTCC,9,0.0,0.0,0.0,0.0,0.0,33.33,66.67,0.0
ATAGAAGTTATATTCCATTGATCAGTCGGTGTAATGCGACAGGTCCCTCC,1,0.0,0.0,0.0,0.0,0.0,0.0,100.0,0.0
ATAGAAGTGATGTTCCATTGCTCAATCGGTGTAATGCAGCAGGTCCCTCC,2,0.0,0.0,0.0,0.0,0.0,50.0,50.0,0.0
ATAGAAGTTATATTCCATTGCTCAATCGGTGTAATGCAGTAGGTCCCTCC,3,0.0,0.0,0.0,0.0,0.0,66.67,33.33,0.0
CTAAAGTCGATGGTCCATTGCTCGGTTCTTTCAGTGCAGTGGAGCGCTCC,2,100.0,0.0,0.0,0.0,0.0,0.0,0.0,0.0
CTAATGTCGATGGTCCACTGATCGATTCTTGTAGTGCAGTGCAGCGCTCC,1,100.0,0.0,0.0,0.0,0.0,0.0,0.0,0.0
ATAGAGTCGATGGTCCACTGATCGGTTCTTGTAGTGCAGTGGAGCGCTCC,1,100.0,0.0,0.0,0.0,0.0,0.0,0.0,0.0
ATAATGTCGATGGTCCACTGCTCGATTCTTGTAGTGCAGTGGAGCGCTCC,1,100.0,0.0,0.0,0.0,0.0,0.0,0.0,0.0
ATAGAGTCGATGGTCCATTGCTCGGTTCTTGTAGTGCAGTGGAGCGCTCC,1,100.0,0.0,0.0,0.0,0.0,0.0,0.0,0.0
CTTGAGTCGATGGTCCACTGATCGGTTCTTGTAGTGCAGTGCAGCGCTCC,1,100.0,0.0,0.0,0.0,0.0,0.0,0.0,0.0
CTAAAGTCGATGGTCCACTGCTCGGTTCTTGTAGTGCAGTGCAGCGCTCC,2,100.0,0.0,0.0,0.0,0.0,0.0,0.0,0.0
ATTGTGTCGATGGTCCACTGATCGATTCTTGTAGTGCAGTGGAGCGCTCC,1,100.0,0.0,0.0,0.0,0.0,0.0,0.0,0.0
CTTGTGTCGATGGTCCACTGCTCGATTCTTTCAGTGCAGTGGAGCGCTCC,5,60.0,40.0,0.0,0.0,0.0,0.0,0.0,0.0
CTAATGTCGATGGTCCACTGATCGATTCTTTCAGTGCAGTGCAGCGCTCC,1,100.0,0.0,0.0,0.0,0.0,0.0,0.0,0.0
CTAATGTCGATGGTCCACTGATCGATTCTTGTAGTGCAGTGGAGCGCTCC,8,100.0,0.0,0.0,0.0,0.0,0.0,0.0,0.0
ATAATGTCGATGGTCCATTGCTCGGTTCTTGTAGTGCAGTGGAGCGCTCC,4,75.0,25.0,0.0,0.0,0.0,0.0,0.0,0.0
CTAATGTCGATGGTCCATTGCTCGATTCTTTCAGTGCAGTGGAGCGCTCC,1,100.0,0.0,0.0,0.0,0.0,0.0,0.0,0.0
CTAATGTCGATGGTCCACTGCTCGATTCTTGTAGTGCAGTGCAGCGCTCC,2,100.0,0.0,0.0,0.0,0.0,0.0,0.0,0.0
CTAATGTCGATGGTCCATTGATCGGTTCTTGTAGTGCAGTGGAGCGCTCC,3,100.0,0.0,0.0,0.0,0.0,0.0,0.0,0.0
ATAATGTCGATGGTCCATTGATCGGTTCTTGTAGTGCAGTGCAGCGCTCC,1,100.0,0.0,0.0,0.0,0.0,0.0,0.0,0.0
CTAGAGTCGATGGTCCATTGCTCGGTTCTTGTAGTGCAGTGCAGCGCTCC,1,100.0,0.0,0.0,0.0,0.0,0.0,0.0,0.0
CTAGTGTCGATGGTCCACTGATCGGTTCTTGTAGTGCAGTGCAGCGCTCC,1,100.0,0.0,0.0,0.0,0.0,0.0,0.0,0.0
CTAGTGTCGATGGTCCACTGATCGATTCTTGTAGTGCAGTGGAGCGCTCC,1,100.0,0.0,0.0,0.0,0.0,0.0,0.0,0.0
CTAGAGTCGATGGTCCATTGCTCGATTCTTGTAGTGCAGTGGAGCGCTCC,1,100.0,0.0,0.0,0.0,0.0,0.0,0.0,0.0
ATAAAGTCGATGGTCCACTGCTCGGTTCTTTCAGTGCAGTGGAGCGCTCC,1,100.0,0.0,0.0,0.0,0.0,0.0,0.0,0.0
CTAGTGTCGATGGTCCATTGCTCGATTCTTTCAGTGCAGTGGAGCGCTCC,1,100.0,0.0,0.0,0.0,0.0,0.0,0.0,0.0
CTAATGTCGATGGTCCATTGCTCGGTTCTTGTAGTGCAGTGCAGCGCTCC,4,75.0,25.0,0.0,0.0,0.0,0.0,0.0,0.0
CTAATGTCGATGGTCCACTGATCGGTTCTTGTAGTGCAGTGCAGCGCTCC,2,50.0,50.0,0.0,0.0,0.0,0.0,0.0,0.0
CTTATGTCGATGGTCCACTGATCGATTCTTGTAGTGCAGTGCAGCGCTCC,3,33.33,66.67,0.0,0.0,0.0,0.0,0.0,0.0
CTTATGTCGATGGTCCACTGCTCGATTCTTGTAGTGCAGTGCAGCGCTCC,8,25.0,75.0,0.0,0.0,0.0,0.0,0.0,0.0
CTTAAGTCGATGGTCCATTGCTCGATTCTTGTAGTGCAGTGGAGCGCTCC,3,33.33,66.67,0.0,0.0,0.0,0.0,0.0,0.0
CTAATGTCTATGGTCCACTGATCGGTTCTTGTAGTGCAGTGGAGCGCTCC,1,100.0,0.0,0.0,0.0,0.0,0.0,0.0,0.0
CTTGAGTCGATGGTCCATTGATCGATTCTTGTAGTGCAGTGGAGCGCTCC,1,100.0,0.0,0.0,0.0,0.0,0.0,0.0,0.0
CTAAAGTCGATGGTCCACTGATCGATTCTTGTAGTGCAGTGCAGCGCTCC,1,100.0,0.0,0.0,0.0,0.0,0.0,0.0,0.0
CTAATGTCGATGGTCCACTGCTCGGTTCTTTCAGTGCAGTGCAGCGCTCC,1,100.0,0.0,0.0,0.0,0.0,0.0,0.0,0.0
CTAAAGTCGATGGTCCATTGCTCGATTCTTGTAGTGCAGTGGAGCGCTCC,2,50.0,50.0,0.0,0.0,0.0,0.0,0.0,0.0
CTAGTGTCGATGGTCCATTGCTCGGTTCTTGTAGTGCAGTGGAGCGCTCC,2,50.0,50.0,0.0,0.0,0.0,0.0,0.0,0.0
CTAATGTCGATGGTCCATTGATCGGTTCTTGTAGTGCAGTGCAGCGCTCC,1,100.0,0.0,0.0,0.0,0.0,0.0,0.0,0.0
CTAGTGTCGATGGTCCATTGCTCGGTTCTTGTAGTGCAGTGCAGCGCTCC,1,100.0,0.0,0.0,0.0,0.0,0.0,0.0,0.0
CTTAAGTCGATGGTCCATTGATCGGTTCTTGTAGTGCAGTGGAGCGCTCC,1,100.0,0.0,0.0,0.0,0.0,0.0,0.0,0.0
CTAGTGTCGATGGTCCATTGATCGATTCTTGTAGTGCAGTGCAGCGCTCC,3,100.0,0.0,0.0,0.0,0.0,0.0,0.0,0.0
ATAATGTCGATGGTCCACTGCTCGATTCTTTCAGTGCAGTGGAGCGCTCC,1,100.0,0.0,0.0,0.0,0.0,0.0,0.0,0.0
ATAAAGTCGATGGTCCACTGATCGGTTCTTTCAGTGCAGTGCAGCGCTCC,1,100.0,0.0,0.0,0.0,0.0,0.0,0.0,0.0
CTTATGTCGATGGTCCATTGCTCGGTCCTTGTAGTGCAGTGCAGCGCTCC,1,100.0,0.0,0.0,0.0,0.0,0.0,0.0,0.0
ATAGAGTCGATGGTCCACTGCTCGGTTCTTGTAGTGCAGTGGAGCGCTCC,1,100.0,0.0,0.0,0.0,0.0,0.0,0.0,0.0
ATTATGTCGATGGTCCACTGATCGATTCTTGTAGTGCAGTGGAGCGCTCC,1,100.0,0.0,0.0,0.0,0.0,0.0,0.0,0.0
CTTAAGTCGATGGTCCACTGATCGGTTCTTTCAGTGCAGTGCAGCGCTCC,1,100.0,0.0,0.0,0.0,0.0,0.0,0.0,0.0
ATAGAGTCGATGGTCCACTGATCGATTCTTTCAGTGCAGTGGAGCGCTCC,5,60.0,0.0,0.0,0.0,0.0,0.0,0.0,40.0
ATAGTGTCGATGGTCCATTGATCGATTCTTTCAGTGCAGTGGAGCGCTCC,1,0.0,0.0,0.0,0.0,0.0,0.0,0.0,100.0
ATTGAGTCGATGGTCCATTGATCGATTCTTTCAGTGCAGTGCAGCGCTCC,6,50.0,0.0,0.0,0.0,0.0,0.0,0.0,50.0
ATAGTGTCGATGGTCCATTGCTCGATTCTTTCAGTGCAGTGCAGCGCTCC,5,80.0,0.0,0.0,0.0,0.0,0.0,0.0,20.0
CTAGAGTCGATGGTCCATTGCTCGATTCTTTCAGTGCAGTGCAGCGCTCC,2,100.0,0.0,0.0,0.0,0.0,0.0,0.0,0.0
ATTGAGTCGATGGTCCATTGATCGGTTCTTTCAGTGCAGTGCAGCGCTCC,1,100.0,0.0,0.0,0.0,0.0,0.0,0.0,0.0
CTAGAGTCGATGGTCCATTGATCGGTTCTTTCAGTGCAGTGCAGCGCTCC,1,100.0,0.0,0.0,0.0,0.0,0.0,0.0,0.0
CTAAAGTCGATGGTCCATTGATCGATTCTTGTAGTGCAGTGGAGCGCTCC,1,100.0,0.0,0.0,0.0,0.0,0.0,0.0,0.0
ATAAAGTCGATGTTCCACTGCTCGATTCTTTCAGTGCAGTGCAGCGCTCC,1,100.0,0.0,0.0,0.0,0.0,0.0,0.0,0.0
ATTATGTCGATGGTCCATTGATCGATTCTTTCAGTGCAGTGCAGCGCTCC,1,100.0,0.0,0.0,0.0,0.0,0.0,0.0,0.0
ATAGAGTCGATGGTCCATTGCTCGGTTCTTTCAGTGCAGTGCAGCGCTCC,2,100.0,0.0,0.0,0.0,0.0,0.0,0.0,0.0
ATAAAGTCGATGGTCCATTGATCAATTCTTTCAGTGCAGTGCAGCGCTCC,1,100.0,0.0,0.0,0.0,0.0,0.0,0.0,0.0
CTAGAGTCGATGGTCCATTGATCGATTCTTGTAGTGCAGTGGAGCGCTCC,1,100.0,0.0,0.0,0.0,0.0,0.0,0.0,0.0
ATAGAGTCGATGGTCCACTGATCGGTTCTTTCAGTGCAGTGCAGCGCTCC,2,100.0,0.0,0.0,0.0,0.0,0.0,0.0,0.0
ATAGAGTCGATGGTCCACTGCTCGATTCTTTCAGTGCAGTGCAGCGCTCC,2,50.0,0.0,0.0,0.0,0.0,0.0,0.0,50.0
CTTATGTCGATGGTCCATTGATCGATTCTTTCAGTGCAGTGCAGCGCTCC,1,100.0,0.0,0.0,0.0,0.0,0.0,0.0,0.0
CTAGTGTCGATGGTCCATTGATCGATTCTTTCAGTGCAGTGCAGCGCTCC,3,66.67,0.0,0.0,0.0,0.0,0.0,0.0,33.33
CTAGAGTCGATGGTCCACTGCTCGATTCTTTCAGTGCAGTGCAGCGCTCC,1,100.0,0.0,0.0,0.0,0.0,0.0,0.0,0.0
ATAGAGTCGATGGTCCATTGATCGATTCTTGCAGTGCAGTGGAGCGCTCC,1,100.0,0.0,0.0,0.0,0.0,0.0,0.0,0.0
CTAGTGTCGATGGTCCATTGATCGGTTCTTTCAGTGCAGTGCAGCGCTCC,1,100.0,0.0,0.0,0.0,0.0,0.0,0.0,0.0
CTAGAGTCGATGTTCCATTGATCGATTCTTTCAGTGCAGTGCAGCGCTCC,1,100.0,0.0,0.0,0.0,0.0,0.0,0.0,0.0
CTAAAGTCGATGGTCCACTGATCGATTCTTTCAGTGCAGTGCAGCGCTCC,1,100.0,0.0,0.0,0.0,0.0,0.0,0.0,0.0
ATAAAGTCGATGGTGCATTGCTCGATTCTTTCAGTGCAGTGGAGCGCTCC,1,0.0,0.0,0.0,0.0,0.0,0.0,0.0,100.0
ATTAAGTCGAAGGTGCACCGCTCGAATCTTGTAGTGCAGTGGAGCGCTCC,1,0.0,0.0,100.0,0.0,0.0,0.0,0.0,0.0
CTTGAGTCGAAGGTGCGTCGCTCGGTTCTTGTAGTGCAGTGGAGCGCGTT,1,0.0,0.0,100.0,0.0,0.0,0.0,0.0,0.0
ATTAAGTCGATGGTGCGCCGCTCGATTCTTGTAGTGCAGTGGAGCGCGTC,1,0.0,0.0,100.0,0.0,0.0,0.0,0.0,0.0
CTTATGTCGATGGTGCGTCACTCGGACCTTGTAGTGCAGTGGAGCGTTTT,2,0.0,0.0,100.0,0.0,0.0,0.0,0.0,0.0
ATTAAGTCGATGGTGCGTCACTCGGATCTTGTAGTGCAGTGGAGCGTGTC,1,0.0,0.0,100.0,0.0,0.0,0.0,0.0,0.0
CTTAAGTCGAAGGTCCATCACTCGGATCTTGTAGTGCAGTGGAGCGTGCC,1,0.0,0.0,100.0,0.0,0.0,0.0,0.0,0.0
ATTAAGTCGAAGGTGCGTCACTCGGTTCTTGTAGTGCAGTGGAGCGTTTC,1,0.0,0.0,100.0,0.0,0.0,0.0,0.0,0.0
CTTATGTCGATGGTGCGCCGCTCGGATCTTGTAGTGCAGTGGAGCGCGTC,2,0.0,0.0,100.0,0.0,0.0,0.0,0.0,0.0
CTTATGTCGAAGGTCCGCCACTCGATTCTTGTAGTGCAGTGGAGCGCTCT,1,0.0,0.0,100.0,0.0,0.0,0.0,0.0,0.0
CTTATGTCGAAGGTGCACCGCTCGGTTCTTGTAGTGCAGTGGAGCGTGTC,1,0.0,0.0,100.0,0.0,0.0,0.0,0.0,0.0
ATTAAGTCGAAGGTGCACTACTCGGATCTTGTAGTGCAGTGGAGCGTGTC,3,0.0,0.0,100.0,0.0,0.0,0.0,0.0,0.0
CTTATGTCGAAGGTGCGCTACTCGAATCTTGTAGTGCAGTGGAGCGTTTC,1,0.0,0.0,100.0,0.0,0.0,0.0,0.0,0.0
CTTATGTCGAAGGTGCGTCACTCGGACCTTGTAGTGCAGTGGAGCGTTTT,1,0.0,0.0,100.0,0.0,0.0,0.0,0.0,0.0
ATTATGTCGATGGTCCGTCACTCGATCCTTGTAGTGCAGTGGAGCGCGCT,1,0.0,0.0,100.0,0.0,0.0,0.0,0.0,0.0
ATTATGTCGAAGGTCCGTCACTCGGTTCTTGTAGTGCAGTGGAGCGTGTT,1,0.0,0.0,100.0,0.0,0.0,0.0,0.0,0.0
ATTAAGTCGAAGGTGCGCTACTCGGTTCTTGTAGTGCAGTGGAGCGTTTT,1,0.0,0.0,100.0,0.0,0.0,0.0,0.0,0.0
CTTAAGTCGAAGGTGCACTACTCGGATCTTGTAGTGCAGTGGAGCGTTTC,1,0.0,0.0,100.0,0.0,0.0,0.0,0.0,0.0
ATAATGTCGATGGTCCATTGATCGATTCTTGTAGTGCAGTGGAGCGCTCC,1,100.0,0.0,0.0,0.0,0.0,0.0,0.0,0.0
ATAAAGTCGATGGTCCACTGATCGATTCTTGTAGTGCAGTGGAGCGCTCC,1,100.0,0.0,0.0,0.0,0.0,0.0,0.0,0.0
ATAAAGTCGATGGTCCATTGATCGATTCTTGTAGTGCAGTGGAGCGCTCC,2,50.0,0.0,0.0,0.0,0.0,0.0,0.0,50.0
ATAGAGTCGATGGTCCATTGATCGGTTCTTTCAGTGCAGTGGAGCGCTCC,2,100.0,0.0,0.0,0.0,0.0,0.0,0.0,0.0
ATAAAGTCGATGGTCCACTGATCGATTCTTGTAGTGCAGTGCAGCGCTCC,1,100.0,0.0,0.0,0.0,0.0,0.0,0.0,0.0
ATAGAGTCGATGGTCCACTGATCGGTTCTTTCAGTGCAGCGCAGCGCTCC,1,100.0,0.0,0.0,0.0,0.0,0.0,0.0,0.0
CTAGAGTCGATGGTCCATTGATCGGTTCTTGTAGTGCAGTGCAGCGCTCC,1,100.0,0.0,0.0,0.0,0.0,0.0,0.0,0.0
CTAGAGTCGATGGTCCATTGCTCGATTCTTGTAGTGCAGTGCAGCGCTCC,1,100.0,0.0,0.0,0.0,0.0,0.0,0.0,0.0
ATTGAGTCGATGGTCCATTGATCGATTCTTGTAGTGCAGTGCAGCGCTCC,2,100.0,0.0,0.0,0.0,0.0,0.0,0.0,0.0
CTAAAGTCGATGGTCCATTGCTCGATTCTTTCAGTGCAGTGCAGCGCTCC,1,100.0,0.0,0.0,0.0,0.0,0.0,0.0,0.0
CTTATGTCGATGGTCCATTGCTCGATTCTTTCAGTGCAGTGCAGCGCTCC,1,100.0,0.0,0.0,0.0,0.0,0.0,0.0,0.0
CTAAAGTCGATGGTCCATTGATCGATTCTTGTAGTGCAGTGCAGCGCTCC,1,100.0,0.0,0.0,0.0,0.0,0.0,0.0,0.0
ATTGTGTCGATGGTCCATTGATCGATTCTTTCAGTGCAGTGCAGCGCTCC,1,100.0,0.0,0.0,0.0,0.0,0.0,0.0,0.0
CTAGTGTCGATGGTCCACTGATCGATTCTTTCAGTGCAGTGCAGCGCTCC,1,100.0,0.0,0.0,0.0,0.0,0.0,0.0,0.0
CTAGAGTCGATGGTCCATTGATCGGTTCTTTCAGTGCAGTGGAGCGCTCC,1,100.0,0.0,0.0,0.0,0.0,0.0,0.0,0.0
CTAAAGTCGATGGTCCATTGATCGATTCTTTCAGTGCAGTGCAGCGCTCC,1,100.0,0.0,0.0,0.0,0.0,0.0,0.0,0.0
ATAATGTCGATGGTCCACTGATCGATTCTTGCAGTGCAGTGCAGCGCTCC,1,100.0,0.0,0.0,0.0,0.0,0.0,0.0,0.0
ATAGAAGTTATAGTCCATTGCTCAGTCGGTGTAGTGCAGCAGGTCCCTCC,3,0.0,0.0,0.0,0.0,0.0,100.0,0.0,0.0
ATAGAAGTGATGTTCCATTGCTCAGTTGGTGTAATGCAGCAGGTCCCTCC,1,0.0,0.0,0.0,0.0,0.0,100.0,0.0,0.0
ATAGAAGTTATAGTCCATTGCTCGATCGGTGTAATGCAGCAGGTCCCTCC,1,0.0,0.0,0.0,0.0,0.0,100.0,0.0,0.0
ATAGAAGTGATATTCCATTACTCAGTCGGTGTAATGCAGCAGGTCCCTCC,2,0.0,0.0,0.0,0.0,0.0,100.0,0.0,0.0
ATAGAAGTTATATTCCATTGATCAATCGGTGTAATGCAGCAGGTCGCTCC,1,0.0,0.0,0.0,0.0,0.0,100.0,0.0,0.0
ATAAAAGTGATATTCCATTGATCAATCGGTGTAATGCAGCAGGTCCCTCC,1,0.0,0.0,0.0,0.0,0.0,100.0,0.0,0.0
ATAGAATTTATATTCCACTGCTCAGTCGGTGTAATGCAGCAGGTCCCTCC,1,0.0,0.0,0.0,0.0,0.0,100.0,0.0,0.0
ATAGAAGTTATATTCCACTGATCAATTGGTGTAGTGCAGCAGGTCCCTCC,1,0.0,0.0,0.0,0.0,0.0,100.0,0.0,0.0
ATAGAAGTTATATTCCACTGATCAGTCGGTGTAATGCAGCAGGTCCCTCC,3,0.0,0.0,0.0,0.0,0.0,100.0,0.0,0.0
ATAGAAGTTATAGTCCATTGCTCAGTCGGTTCAATGCAGCAGGTCCCTCC,5,0.0,0.0,0.0,0.0,0.0,100.0,0.0,0.0
ATAGAAGTTATATTCCATTGCTCAGTTGGTGTAATGCAGCGCAGCCCTCC,1,0.0,0.0,0.0,0.0,0.0,100.0,0.0,0.0
ATAGAAGTTATATTCCATTGATCAGTTGGTGTAATGCAGCAGGTCCCTCC,10,0.0,0.0,0.0,0.0,0.0,100.0,0.0,0.0
ATAGAAGTTATATTCCATTGATCAGTCGGTGTAATGCAGTAGGTCGCTCC,1,0.0,0.0,0.0,0.0,0.0,100.0,0.0,0.0
CTAGTAGTTATATTCCATTGCTCAATCGGTGTAATGCAGCAGGTCCCTCC,1,0.0,0.0,0.0,0.0,0.0,100.0,0.0,0.0
ATAGAAGTGATAGTCCATTGATCAGTTGGTGTAATGCAGCAGGTCCCTCC,1,0.0,0.0,0.0,0.0,0.0,100.0,0.0,0.0
ATAGAAGTTATATTCCATTGATCAGTTGGTTTAATGCAGCAGGTCCCTCC,1,0.0,0.0,0.0,0.0,0.0,100.0,0.0,0.0
ATAGAAGTTATATTCCATTACTCAGTCGGTGTAGTGCAGCAGGTCCCTCC,1,0.0,0.0,0.0,0.0,0.0,100.0,0.0,0.0
ATAGAAGTTATATTCCACTGCTCAGTCGGTGTAACGCAGCGCAGCCCTCC,2,0.0,0.0,0.0,0.0,0.0,100.0,0.0,0.0
ATAATAGCTATATTCCATTGCTCAGTCGGTGTAATGCAGCAGGTCCCTCC,3,0.0,0.0,0.0,0.0,0.0,100.0,0.0,0.0
ATAGAAGTTATGTTCCATTGCTCAATCGGTGTAATGCAGCAGGTCGCTCC,1,0.0,0.0,0.0,0.0,0.0,100.0,0.0,0.0
ATAGAAGTGATATTCCATTGATCAGTCGGTGTAATGCAGTAGGTCCCTCC,1,0.0,0.0,0.0,0.0,0.0,100.0,0.0,0.0
ATAGAAGTGATAGTCCATTGCTCAGTCGGTTCAATGCAGCAGGTCCCTCC,3,0.0,0.0,0.0,0.0,0.0,100.0,0.0,0.0
ATAGAAGCGATAGTCCATTGCTCAATCGGTTCAATGCAGCAGGTCCCTCC,1,0.0,0.0,0.0,0.0,0.0,100.0,0.0,0.0
ATAGTAGTTATGTTCCATTGATCAATTGGTGTAATGCAGCAGGTCGCTCC,1,0.0,0.0,0.0,0.0,0.0,100.0,0.0,0.0
ATAGAAGCTATGGTCCATTGCTCAATCGGTGTAATGCAGCAGGTCCCTCC,2,0.0,0.0,0.0,0.0,0.0,100.0,0.0,0.0
ATAGAAGTGATGTTCCATTGATCAATCGGTGTAATGCAGCAGGTCCCTCC,1,0.0,0.0,0.0,0.0,0.0,100.0,0.0,0.0
ATAGTAGTTATGTTCCATTGCTCAATTGGTTCAATGCAGCAGGTCCCTCC,2,0.0,0.0,0.0,0.0,0.0,100.0,0.0,0.0
ATAGAAGTTATATTCCATTGATCAATTGGTGTAGTGCAGCAGGTCCCTCC,1,0.0,0.0,0.0,0.0,0.0,100.0,0.0,0.0
ATAGAAGCTATAGTCCATTGCTCAATCGGTTCAGTGCAGCAGGTCCCTCC,1,0.0,0.0,0.0,0.0,0.0,100.0,0.0,0.0
ATAGAAGTTATATTCCATTGCTCAATTGGTGTAATGCAGCAGGGCCCTCC,1,0.0,0.0,0.0,0.0,0.0,100.0,0.0,0.0
ATAGAAGTTATAGTCCATTACTCAGTTGGTTCAATGCAGCGCAGCCCTCC,1,0.0,0.0,0.0,0.0,0.0,100.0,0.0,0.0
ATAGAAGTGATATTCCATTGATCAATCGGTGTAATGCAGCAGGTCCCTCC,1,0.0,0.0,0.0,0.0,0.0,100.0,0.0,0.0
ATAGAAGCTATATTCCATTGCTCAATCGGTGTAATGCAGTAGGTCCCTCC,1,0.0,0.0,0.0,0.0,0.0,100.0,0.0,0.0
ATAGAAGTTATATTCCACTGCTCAGTTGGTGTAATGCAGCAGGTCCCTCC,1,0.0,0.0,0.0,0.0,0.0,100.0,0.0,0.0
ATAGAAGTTATATTCCATTGCTCAGTCCTTGTAATGCAGCAGGTCCCTCC,13,0.0,0.0,0.0,0.0,0.0,23.08,76.92,0.0
ATAGAAGTTATAGTCCATTGCTCAGTCGGTGTAATGCAGTAGAGCCCTCC,1,0.0,0.0,0.0,0.0,0.0,100.0,0.0,0.0
ATAGAAGTGATAGTCCATTGCTCAGTTGGTGTAATGCAGCAGGTCCCTCC,1,0.0,0.0,0.0,0.0,0.0,100.0,0.0,0.0
ATAGAAGTTATATTCCATTGATCAATTGGTGTAATGCAGCGGAGCCCTCC,1,0.0,0.0,0.0,0.0,0.0,100.0,0.0,0.0
ATAGAAGTTATGTTCCACTGATCAATTGGTGTAATGCAGCAGGTCCCTCC,1,0.0,0.0,0.0,0.0,0.0,100.0,0.0,0.0
ATAGAGGTTATATTCCATTGCTCAGTCGGTGTAATGCAGCAGGTCCCTCC,2,0.0,0.0,0.0,0.0,0.0,100.0,0.0,0.0
ATAGAAGTTATATTCCATTGATCAGTCGGTGTAGTGCAGCAGGTCCCTCC,1,0.0,0.0,0.0,0.0,0.0,100.0,0.0,0.0
CTAGAAGTGATATTCCATTGCTCGATTGGTGTAATGCAGCAGGTCCCTCC,1,0.0,0.0,0.0,0.0,0.0,100.0,0.0,0.0
ATAGAAGTTATAGTCCATTGATCAATCGGTGTAGTGCAGCAGGTCCCTCC,4,0.0,0.0,0.0,0.0,0.0,100.0,0.0,0.0
ATAGAGGTTATAGTCCATTGCTCAGTCGGTGTAATGCAGCAGGTCCCTCC,1,0.0,0.0,0.0,0.0,0.0,100.0,0.0,0.0
CTAGAAGTTATAGTCCATTGCTCGATCGGTGTAATGCAGCAGGTCCCTCC,1,0.0,0.0,0.0,0.0,0.0,100.0,0.0,0.0
ATAGAAGTGATATTCCACTGCTCAGTCGGTGTAATGCAGCAGGTCCCTCC,2,0.0,0.0,0.0,0.0,0.0,100.0,0.0,0.0
ATAGAAGTTATATTCCATTGCTCAGTCGGTGTAATGCAGTAGAGCCCTCC,1,0.0,0.0,0.0,0.0,0.0,100.0,0.0,0.0
ATAGAAGTTATATTCCATTACTCAATTGGTGTAATGCAGCAGGTCCCTCC,1,0.0,0.0,0.0,0.0,0.0,100.0,0.0,0.0
ATAGAAGTTATATTCCATTGCTCAATTGGTGTAATGCAGTAGAGCCCTCC,2,0.0,0.0,0.0,0.0,0.0,100.0,0.0,0.0
ATAGAAGTTATATTCCATTGCTCAATTGGTTCAATGCAGCAGGTCCCTCC,3,0.0,0.0,0.0,0.0,0.0,100.0,0.0,0.0
ATAGAAGTTATGTTCCATTGCTCAATCGGTGTAATGCAGCGGAGCCCTCC,1,0.0,0.0,0.0,0.0,0.0,100.0,0.0,0.0
ATAGTAGTTATGTTCCATTGCTCAATCGGTGTAATGCAGCAGGTCCCTCC,1,0.0,0.0,0.0,0.0,0.0,100.0,0.0,0.0
ATAGAAGTTATATTCCATTGCTCAATCGTTTCAATGCAGCGCAGCCCTCC,1,0.0,0.0,0.0,0.0,0.0,100.0,0.0,0.0
ATAAAAGTTATATTCCATTGATCAATCGGTTCAATGCAGCAGGTCCCTCC,1,0.0,0.0,0.0,0.0,0.0,100.0,0.0,0.0
ATAGAGTTTATGTTCCATTGCTCAGTCGGTGTAATGCAGCAGGTCCCTCC,1,0.0,0.0,0.0,0.0,0.0,100.0,0.0,0.0
CTAGAAGTTATAGTCCATTGATCAGTCGGTGTAATGCAGCAGGGCCCTCC,1,0.0,0.0,0.0,0.0,0.0,100.0,0.0,0.0
ATAGAAGTGATGTTCCACTGCTCAATCGGTGTAATGCAGCAGGTCCCTCC,1,0.0,0.0,0.0,0.0,0.0,100.0,0.0,0.0
ATAGAAGTTATAGTCCATTGCTCAGTTGGTTCAATGCAGCAGGTCCCTCC,1,0.0,0.0,0.0,0.0,0.0,100.0,0.0,0.0
ATAGAAGTTATATTCCACTGCTCAATCGGTGTAGTGCAGCAGGTCCCTCC,2,0.0,0.0,0.0,0.0,0.0,100.0,0.0,0.0
ATAGAAGTTATAGTCCATTGCTCAATTGGTGTAATGCAGCAGGTCCCTCC,2,0.0,0.0,0.0,0.0,0.0,100.0,0.0,0.0
ATAGAAGCTATAGTCCATTGCTCAATCGGTGTAATGCAGCAGGTCCCTCC,2,0.0,0.0,0.0,0.0,0.0,100.0,0.0,0.0
ATAGTAGTTATATTCCATTGCTCAATCGGTGTAGTGCAGCAGGTCCCTCC,1,0.0,0.0,0.0,0.0,0.0,100.0,0.0,0.0
ATAAAAGTTATAGTCCATTGCTCGGTTGGTGTAATGCAGCAGGTCGCTCC,1,0.0,0.0,0.0,0.0,0.0,100.0,0.0,0.0
ATAGAAGTTATATTCCATTGCTCAGTTCTTGTAGTGCAGTGCAGCCCTCC,1,0.0,0.0,0.0,0.0,0.0,100.0,0.0,0.0
ATAGTAGTTATATTCCATTGATCAGTCGGTGTAATGCAGCAGGTCCCTCC,1,0.0,0.0,0.0,0.0,0.0,100.0,0.0,0.0
ATAGAAGTGATAGTCCATTACTCAATCGGTGTAATGCAGCAGGTCCCTCC,1,0.0,0.0,0.0,0.0,0.0,100.0,0.0,0.0
ATAGAAGCTATGTTCCATTGCTCAATCGGTGTAGTGCAGCAGGTCCCTCC,2,0.0,0.0,0.0,0.0,0.0,100.0,0.0,0.0
CTAGAAGTTATATTCCATTGCTCAGTCGTTGTAGTGCAGCAGGTCCCTCC,1,0.0,0.0,0.0,0.0,0.0,100.0,0.0,0.0
CTAGAAGTTATATTCCACTGATCAGTCGTTGTAGTGCAGTAGGTCCCTCC,1,0.0,0.0,0.0,0.0,0.0,100.0,0.0,0.0
ATAGAAGTTATATTCCATTGATCAATTGGTGTAATGCAGCAGGTCCCTCC,2,0.0,0.0,0.0,0.0,0.0,100.0,0.0,0.0
CTAGTAGTTATAGTCCATTACTCAGTTGGTGTAATGCAGCAGGTCCCTCC,1,0.0,0.0,0.0,0.0,0.0,100.0,0.0,0.0
ATAGAAGTTATAGTCCACTGATCAGTCGGTGTAGTGCAGCAGGTCCCTCC,2,0.0,0.0,0.0,0.0,0.0,100.0,0.0,0.0
ATAGAAGTTATATTCCACTGCTCAATTGGTGTAATGCAGCAGGTCCCTCC,2,0.0,0.0,0.0,0.0,0.0,100.0,0.0,0.0
ATAGAAGCTATAGTCCATTGCTCAATTGGTGTAGTGCAGCAGGTCCCTCC,1,0.0,0.0,0.0,0.0,0.0,100.0,0.0,0.0
ATAAAAGTTATATTCCATTGCTCAATCCTTGTAATGCAGCAGGTCCCTCC,3,0.0,0.0,0.0,0.0,0.0,100.0,0.0,0.0
ATAGAAGTTATAGTCCATTACTCAATCCTTGTAATGCAGCAGGTCCCTCC,1,0.0,0.0,0.0,0.0,0.0,100.0,0.0,0.0
CTAGAAGTTATGTTCCATTGATCAGTTGGTGTAATGCAGCAGGTCCCTCC,1,0.0,0.0,0.0,0.0,0.0,100.0,0.0,0.0
CTAGAAGTTATGTTCCATTGCTCAGTCGGTGTAATGCAGCAGGTCCCTCC,1,0.0,0.0,0.0,0.0,0.0,100.0,0.0,0.0
ATAGAAGTTATATTCCATTGATCAATTGGTGTAGTGCAGCGCAGCCCTCC,1,0.0,0.0,0.0,0.0,0.0,100.0,0.0,0.0
ATAGAAGTTATATTCCATTGATCAGTCGGTGTAATGCAGCGGAGCCCTCC,1,0.0,0.0,0.0,0.0,0.0,100.0,0.0,0.0
ATAGAAGTGATATTCCATTGCTCGATCGGTGTAGTGCAGCAGGTCCCTCC,1,0.0,0.0,0.0,0.0,0.0,100.0,0.0,0.0
ATAGAAGTTATATTCCACTACTCAATCGGTGTAATGCAGCAGGTCCCTCC,1,0.0,0.0,0.0,0.0,0.0,100.0,0.0,0.0
ATAGAAGTTATAGTCCATTGATCAATTGGTGTAATGCAGCAGGTCCCTCC,1,0.0,0.0,0.0,0.0,0.0,100.0,0.0,0.0
ATAGAAGTTATATTCCATTGCTCAGTCGGTGTAGTGCAGTGCAGCCCTCC,1,0.0,0.0,0.0,0.0,0.0,100.0,0.0,0.0
ATAGAAGCTATATTCCACTGCTCAGTTGGTGTAATGCAGCAGGTCCCTCC,1,0.0,0.0,0.0,0.0,0.0,100.0,0.0,0.0
ATTGAAGTTATATTCCATTGCTCAGTCGGTTCAATGCAGCAGGTCCCTCC,1,0.0,0.0,0.0,0.0,0.0,100.0,0.0,0.0
ATAGAAGTTATGTTCCATTGATCAATCGGTGTAATGCAGCAGGTCCCTCC,4,0.0,0.0,0.0,0.0,0.0,100.0,0.0,0.0
ATAGAATCGATAGTCCATTGCTCAGTCGGTGTAGTGCAGCAGGTCCCTCC,1,0.0,0.0,0.0,0.0,0.0,100.0,0.0,0.0
ATAAAAGTTATATTCCATTGCTCAATCGGTGTAGTGCAGCAGGTCCCTCC,2,0.0,0.0,0.0,0.0,0.0,100.0,0.0,0.0
ATAAAAGTTATGGTCCACTGCTCAATCGGTGTAATGCAGCAGGTCCCTCC,9,0.0,0.0,0.0,0.0,0.0,100.0,0.0,0.0
ATAGTAGTTATATTCCATTGATCAGTTGGTGTAATGCAGTAGGTCCCTCC,6,0.0,0.0,0.0,0.0,0.0,100.0,0.0,0.0
ATAGAAGTTATATTCCACTGATCAGTCGGTGTAATGCAGCGCAGCCCTCC,1,0.0,0.0,0.0,0.0,0.0,100.0,0.0,0.0
ATAGAGGTTATATTCCATTGCTCAGTCGGTTCAATGCAGCAGGTCCCTCC,3,0.0,0.0,0.0,0.0,0.0,100.0,0.0,0.0
ATAGAAGTTATGTTCCACTGCTCAATCCTTGTAATGCAGCAGGTCCCTCC,1,0.0,0.0,0.0,0.0,0.0,100.0,0.0,0.0
ATAGAAGTTATATTCCATTGCTCAATCGGTGTAATGCAGCGCGTCCCTCC,2,0.0,0.0,0.0,0.0,0.0,100.0,0.0,0.0
ATAGAAGTGATAGTCCATTGCTCAGTCGGTGTAATGCAGCAGGTCGCTCC,1,0.0,0.0,0.0,0.0,0.0,100.0,0.0,0.0
ATAGAAGTTATGTTCCATTGCTCAGTCGGTGTAATGCAGCAGGTCGCTCC,1,0.0,0.0,0.0,0.0,0.0,100.0,0.0,0.0
ATAGTAGTGATGTTCCATTGCTCAGTTGGTGTAATGCAGCAGGTCCCTCC,4,0.0,0.0,0.0,0.0,0.0,100.0,0.0,0.0
ATAGAAGTTATATTCCATTGATCGGTCCTTGTAATGCAGTAGGTCGCTCC,5,0.0,0.0,0.0,0.0,0.0,100.0,0.0,0.0
ATAAAAGTTATATTCCATTGCTCAGTTCTTGTAATGCAGCAGGTCGCTCC,1,0.0,0.0,0.0,0.0,0.0,100.0,0.0,0.0
ATAGAAGTGATATTCCATTGCTCAGTCGGTGTAATGCAGTAGGTCCCTCC,1,0.0,0.0,0.0,0.0,0.0,100.0,0.0,0.0
ATAGAAGTGATATTCCATTGCTCGGTCGGTGTAATGCAGCAGGTCCCTCC,5,0.0,0.0,0.0,0.0,0.0,100.0,0.0,0.0
ATAGAAGTTATGGTCCACTGCTCAATCGGTTCAATGCAGCAGGTCCCTCC,1,0.0,0.0,0.0,0.0,0.0,100.0,0.0,0.0
ATAGAAGTGATGGTCCATTGCTCAATCGGTTCAGTGCAGCAGGTCCCTCC,4,0.0,0.0,0.0,0.0,0.0,100.0,0.0,0.0
ATAGAAGTGATATTCCATTGATCAGTCGGTGTAGTGCAGCAGGTCCCTCC,1,0.0,0.0,0.0,0.0,0.0,100.0,0.0,0.0
ATAGAAGTGATGGTCCATTGCTCAATTGGTTCAATGCAGCAGGTCCCTCC,2,0.0,0.0,0.0,0.0,0.0,100.0,0.0,0.0
ATAGAAGTTATATTCCATTGCTCAATTGGTGTAGTGCAGCAGGTCCCTCC,1,0.0,0.0,0.0,0.0,0.0,100.0,0.0,0.0
ATAGAAGTTATATTCCATTGCTCAGTCGTTTTAGTGCAGCAGGTCCCTCC,1,0.0,0.0,0.0,0.0,0.0,100.0,0.0,0.0
ATAGAAGTTATATTCCATTGCTCAGTTGGTTCAGTGCAGCAGGTCCCTCC,1,0.0,0.0,0.0,0.0,0.0,100.0,0.0,0.0
ATAAAAGTTATATTCCATTGCTCAGTCCTTGTAATGCAGCAGGTCCCTCC,1,0.0,0.0,0.0,0.0,0.0,100.0,0.0,0.0
ATAGAAGTGATAGTCCATTGCTCAATCGGTGTAATGCAGCAGGTCCCTCC,2,0.0,0.0,0.0,0.0,0.0,100.0,0.0,0.0
ATAGTAGTTATATTCCATTGATCAATCGGTGTAATGCAGCAGGTCCCTCC,1,0.0,0.0,0.0,0.0,0.0,100.0,0.0,0.0
ATAGAAGTTATATTCCATTGCTCAGTTGGTTTAATGCAGCAGGTCCCTCC,2,0.0,0.0,0.0,0.0,0.0,100.0,0.0,0.0
ATAGAAGTTATATTCCATTACTCAATCGGTGTAGTGCAGCAGGTCCCTCC,1,0.0,0.0,0.0,0.0,0.0,100.0,0.0,0.0
ATAGAAGTTATAGTCCATTACTCAATCGGTTCAATGCAGCAGGTCCCTCC,1,0.0,0.0,0.0,0.0,0.0,100.0,0.0,0.0
ATAGAAGTTATATTCCATTGCTCAGTCGGTTTAGTGCAGCAGGTCCCTCC,1,0.0,0.0,0.0,0.0,0.0,100.0,0.0,0.0
ATAGAAGTTATATTCCACTGCTCAATCCTTGTAATGCAGCAGGTCCCTCC,5,0.0,0.0,0.0,0.0,0.0,100.0,0.0,0.0
ATAGAAGTTATAGTCCACTGCTCAATCGGTGTAATGCAGCAGGTCCCTCC,1,0.0,0.0,0.0,0.0,0.0,100.0,0.0,0.0
ATAGAAGTTATATTCCACTGCTCAGTCGGTTCAGTGCAGCAGGTCCCTCC,1,0.0,0.0,0.0,0.0,0.0,100.0,0.0,0.0
ATAGAAGTTATGTTCCATTGCTCAATTGGTGTAGTGCAGCAGGTCCCTCC,1,0.0,0.0,0.0,0.0,0.0,100.0,0.0,0.0
ATAGAAGTGATATTCCATTGCTCAATCGGTTCAATGCAGCAGGTCCCTCC,1,0.0,0.0,0.0,0.0,0.0,100.0,0.0,0.0
CTAGAAGTTATATTCCATTGCTCAGTCGGTTCAATGCAGCAGGTCCCTCC,1,0.0,0.0,0.0,0.0,0.0,100.0,0.0,0.0
ATAGAAGTTATAGTCCATTGCTCAATCGGTGTAGTGCAGCAGGTCCCTCC,5,0.0,0.0,0.0,0.0,0.0,100.0,0.0,0.0
ATAGAAGTTATAGTCCACTGCTCAGTCGGTGTAATGCAGCAGGTCGCTCC,1,0.0,0.0,0.0,0.0,0.0,100.0,0.0,0.0
ATAGAAGTTATATTCCATTGCTCAGTTGGTTCAATGCAGCGGAGCCCTCC,1,0.0,0.0,0.0,0.0,0.0,100.0,0.0,0.0
ATAGAAGTTATGTTCCATTGCTCAGTTGGTTCAGTGCAGCAGGTCCCTCC,1,0.0,0.0,0.0,0.0,0.0,100.0,0.0,0.0
CTAGAAGTGATGTTCCATTGCTCAGTTGGTGTAATGCAGCAGGTCCCTCC,1,0.0,0.0,0.0,0.0,0.0,100.0,0.0,0.0
ATAGAAGTGATATTCCATTGATCAGTCGGTGTAATGCAGCAGGTCCCTCC,2,0.0,0.0,0.0,0.0,0.0,100.0,0.0,0.0
ATAGAAGCTATATTCCATTGCTCAATTGGTGTAATGCAGCAGGTCCCTCC,1,0.0,0.0,0.0,0.0,0.0,100.0,0.0,0.0
ATAGAAGCTATAGTCCATTGATCAATCGGTGTAATGCAGCAGGTCCCTCC,2,0.0,0.0,0.0,0.0,0.0,100.0,0.0,0.0
ATAGTAGTTATATTCCATTGCTCAATTGGTGTAATGCAGCAGGTCCCTCC,1,0.0,0.0,0.0,0.0,0.0,100.0,0.0,0.0
ATAGAAGTTATGTTCCATTGCTCAATTGGTTCAATGCAGCAGGTCCCTCC,1,0.0,0.0,0.0,0.0,0.0,100.0,0.0,0.0
ATAGAAGTTATATTCCATTGCTCAATTCTTGTAATGCAGCAGGTCCCTCC,3,0.0,0.0,0.0,0.0,0.0,100.0,0.0,0.0
ATAGTAGCTATATTCCATTGCTCAGTCGGTGTAATGCAGCAGGTCCCTCC,1,0.0,0.0,0.0,0.0,0.0,100.0,0.0,0.0
ATAGAAGTGATAGTCCATTGCTCAGTCGGTGTAATGCAGCAGGTCCCTCC,2,0.0,0.0,0.0,0.0,0.0,100.0,0.0,0.0
ATAGAAGTTATAGTCCATTGCTCAGTTGGTGTAGTGCAGCAGGTCCCTCC,1,0.0,0.0,0.0,0.0,0.0,100.0,0.0,0.0
ATAGAAGTTATATTCCATTGATCAATCCTTTCAGTGCAGCAGGTCCCTCC,1,0.0,0.0,0.0,0.0,0.0,100.0,0.0,0.0
ATAGTAGTGATAGTCCATTGATCAGTCGGTGTAATGCAGCAGGTCCCTCC,1,0.0,0.0,0.0,0.0,0.0,100.0,0.0,0.0
ATAGAAGTGATGTTCCATTGCTCAGTCGGTGTAATGCAGCAGGTCCCTCC,1,0.0,0.0,0.0,0.0,0.0,100.0,0.0,0.0
ATAGAAGTTATATTCCATTGCTCAGTCGGTGTAATGCAGCGCAGCCCTCC,1,0.0,0.0,0.0,0.0,0.0,100.0,0.0,0.0
ATAGAAGTTATATTCCATTACTCAGTCGGTTCAGTGCAGTAGGTCCCTCC,2,0.0,0.0,0.0,0.0,0.0,100.0,0.0,0.0
ATAGAAGTTATATTCCATTGATCAATTGGTTCAATGCAGCAGGTCCCTCC,1,0.0,0.0,0.0,0.0,0.0,100.0,0.0,0.0
ATAGAAGTGATATTCCATTGCTCAATCGGTGTAGTGCAGCAGGTCCCTCC,1,0.0,0.0,0.0,0.0,0.0,100.0,0.0,0.0
CTAGAAGTTATAGTCCATTGCTCAATTGGTTCAATGCAGCAGGTCCCTCC,1,0.0,0.0,0.0,0.0,0.0,100.0,0.0,0.0
ATAGAAGTTATATTCCATTGCTCAGTCCTTTCAATGCAGCAGGTCCCTCC,1,0.0,0.0,0.0,0.0,0.0,100.0,0.0,0.0
ATAGAAGTTATAGTCCATTGATCAGTCGGTGTAGTGCAGCAGGTCCCTCC,1,0.0,0.0,0.0,0.0,0.0,100.0,0.0,0.0
ATAGAAGCGATAGTCCACTGCTCAATTGGTTCAATGCAGCAGGTCCCTCC,1,0.0,0.0,0.0,0.0,0.0,100.0,0.0,0.0
ATAGAAGCTATATTCCATTGCTCAATCCTTGTAATGCAGCAGGTCCCTCC,1,0.0,0.0,0.0,0.0,0.0,100.0,0.0,0.0
ATAGAAGTGATATTCCATTGCTCAATCGGTGTAATGCAGCAGGTCGCTCC,1,0.0,0.0,0.0,0.0,0.0,100.0,0.0,0.0
ATAGAAGTTATGTTCCATTGCTCAATCGGTGTAATGCAGCAGGGCGCTCC,1,0.0,0.0,0.0,0.0,0.0,100.0,0.0,0.0
ATAGTAGTTATAGTCCATTGCTCAGTCGGTGTAGTGCAGCAGGTCCCTCC,1,0.0,0.0,0.0,0.0,0.0,100.0,0.0,0.0
ATAGAAGTGATAGTCCATTGCTCAATCGGTTTAATGCAGCAGGTCCCTCC,1,0.0,0.0,0.0,0.0,0.0,100.0,0.0,0.0
ATAGAAGTTATATTCCATTGCTCAATCGGTTTAATGCAGCAGGTCCCTCC,1,0.0,0.0,0.0,0.0,0.0,100.0,0.0,0.0
ATAGTAGTGATATTCCATTGCTCAATCGGTGTAATGCAGCAGGTCCCTCC,1,0.0,0.0,0.0,0.0,0.0,100.0,0.0,0.0
ATAGAAGCTATAGTCCATTGCTCGGTCCTTGTAGTGCAGCAGGTCCCTCC,1,0.0,0.0,0.0,0.0,0.0,100.0,0.0,0.0
ATAGTAGTTATAGTCCATTGCTCAATCGGTGTAATGCAGCAGGTCCCTCC,2,0.0,0.0,0.0,0.0,0.0,100.0,0.0,0.0
ATAGAAGTTATAGTCCACTACTCAATCCTTGTAATGCAGCGCAGCCCTCC,1,0.0,0.0,0.0,0.0,0.0,100.0,0.0,0.0
ATAGAAGTTATAGTCCATTGCTCAATTGGTGTAGTGCAGCAGGTCCCTCC,1,0.0,0.0,0.0,0.0,0.0,100.0,0.0,0.0
ATAGAAGTTATATTCCATTGCTCAGTTGGTGTAGTGCAGCAGGTCCCTCC,2,0.0,0.0,0.0,0.0,0.0,100.0,0.0,0.0
CTAGAAGTGATATTCCATTGATCAGTCGGTGTAATGCAGCAGGTCCCTCC,1,0.0,0.0,0.0,0.0,0.0,100.0,0.0,0.0
ATAGAAGTTATGTTCCATTGCTCAGTCGGTTTAATGCAGCAGGTCCCTCC,1,0.0,0.0,0.0,0.0,0.0,100.0,0.0,0.0
ATAGAAGTTATATTCCATTGCTCAGTCGGTGTAATGCAGTGCAGCCCTCC,2,0.0,0.0,0.0,0.0,0.0,100.0,0.0,0.0
CTAGAAGTTATATTCCACTGCTCAATCGGTGTAATGCAGCAGGTCCCTCC,1,0.0,0.0,0.0,0.0,0.0,100.0,0.0,0.0
ATAGAAGTGATGGTCCATTGCTCAATCGGTGTAATGCAGCAGGTCCCTCC,2,0.0,0.0,0.0,0.0,0.0,100.0,0.0,0.0
ATAGAAGTTATAGTCCATTACTCAGTCGGTTCAGTGCAGCAGGTCCCTCC,1,0.0,0.0,0.0,0.0,0.0,100.0,0.0,0.0
ATAGAAGTTATATTCCATTACTCAGTTGGTGTAATGCAGCAGGTCCCTCC,1,0.0,0.0,0.0,0.0,0.0,100.0,0.0,0.0
ATAGAAGTTATATTCCATTACTCAATCGGTTCAATGCAGCAGGTCCCTCC,1,0.0,0.0,0.0,0.0,0.0,100.0,0.0,0.0
ATAGAAGTTATGTTCCATTGCTCAGTCGGTTCAATGCAGCAGGTCCCTCC,1,0.0,0.0,0.0,0.0,0.0,100.0,0.0,0.0
ATAGAAGTTATAGTCCATTGCTCAATCGGTGTAATGCAGCGCGTCCCTCC,1,0.0,0.0,0.0,0.0,0.0,100.0,0.0,0.0
ATAGAAGTTATAGTCCATTGCTCGGTTGGTGTAATGCAGCAGGTCCCTCC,2,0.0,0.0,0.0,0.0,0.0,100.0,0.0,0.0
ATAGAAGTTATAGTCCATTACTCAATCGGTGTAATGCAGCAGGTCCCTCC,1,0.0,0.0,0.0,0.0,0.0,100.0,0.0,0.0
ATAGAAGTTATATTCCATTGATCAATCGGTGTAGTGCAGCAGGTCCCTCC,2,0.0,0.0,0.0,0.0,0.0,100.0,0.0,0.0
ATAGAAGTTATAGTCCATTACTCAATCGGTGTAGTGCAGCAGGTCCCTCC,1,0.0,0.0,0.0,0.0,0.0,100.0,0.0,0.0
ATAGAAGTGATATTCCATTGCTCGATCGGTGTAATGCAGCAGGTCCCTCC,1,0.0,0.0,0.0,0.0,0.0,100.0,0.0,0.0
ATAGAAGCTATATTCCATTGCTCAGTCGGTGTAGTGCAGCAGGTCCCTCC,1,0.0,0.0,0.0,0.0,0.0,100.0,0.0,0.0
ATAGAAGTTATATTCCATTGATCAGTCGGTTCAATGCAGCAGGTCCCTCC,1,0.0,0.0,0.0,0.0,0.0,100.0,0.0,0.0
ATAGTAGTTATATTCCATTGATCAATCGGTTTAATGCAGCAGGTCCCTCC,1,0.0,0.0,0.0,0.0,0.0,100.0,0.0,0.0
ATAGAAGTTATATTCCATTGCTCAATCGTTGTAATGCAGCAGGTCCCTCC,1,0.0,0.0,0.0,0.0,0.0,100.0,0.0,0.0
ATAGAAGTTATGTTCCATTGCTCAGTCGGTGTAGTGCAGCAGGTCCCTCC,1,0.0,0.0,0.0,0.0,0.0,100.0,0.0,0.0
ATAGAAGTTATATTCCATTGCTCAGTCGTTGTAGTGCAGCAGGTCCCTCC,1,0.0,0.0,0.0,0.0,0.0,100.0,0.0,0.0
ATAGAAGTGATAGTCCATTGCTCAATCGGAGTAATGCAGTAGAGCCCTCC,1,0.0,0.0,0.0,0.0,0.0,100.0,0.0,0.0
CTAGAAGTTATATTCCATTGCTCAATCCTTTCAATGCAGTAGGTCCCTCC,1,0.0,0.0,0.0,0.0,0.0,100.0,0.0,0.0
ATAGAAGTGATATTCCATTGCTCAATCGGTGTAGTGCAGTAGGTCCCTCC,2,0.0,0.0,0.0,0.0,0.0,100.0,0.0,0.0
ATAGAAGTGATAGTCCACTGCTCAGTTGGTTCAATGCAGCAGGTCCCTCC,1,0.0,0.0,0.0,0.0,0.0,100.0,0.0,0.0
ATAGAAGTTATATTCCATTGCTCAATTGGTGTAATGCAGCAGGTCGCTCC,1,0.0,0.0,0.0,0.0,0.0,100.0,0.0,0.0
ATAGAAGTTATGTTCCATTACTCAGTCGGTTCAATGCAGCAGGTCCCTCC,1,0.0,0.0,0.0,0.0,0.0,100.0,0.0,0.0
ATAGAAGTTATATTCCATTGATCAGTCGGTTCAGTGCAGCAGGTCCCTCC,1,0.0,0.0,0.0,0.0,0.0,100.0,0.0,0.0
ATAGAAGTTATATTCCATTGCTCGATCCGTGTAATGCAGCAGGTCCCTCC,1,0.0,0.0,0.0,0.0,0.0,100.0,0.0,0.0
ATAGTAGTTATATTCCATTGCTCGGTCGGTGTAGTGCAGCAGGTCCCTCC,1,0.0,0.0,0.0,0.0,0.0,100.0,0.0,0.0
ATAGAAGTGATATTCCATTGCTCGGTCGGTGTAATGCAGCAGGTCGCTCC,2,0.0,0.0,0.0,0.0,0.0,100.0,0.0,0.0
ATAGAAGTGATATTCCATTGCTCAGTCGGTTCAATGCAGCAGGTCCCTCC,1,0.0,0.0,0.0,0.0,0.0,100.0,0.0,0.0
ATAGAAGTTATAGTCCATTGATCAGTCGGTTCAATGCAGCAGGTCCCTCC,3,0.0,0.0,0.0,0.0,0.0,100.0,0.0,0.0
ATAGAAGTTATGGTCCATTGCTCAATCGGTGTAGTGCAGCAGGTCCCTCC,2,0.0,0.0,0.0,0.0,0.0,100.0,0.0,0.0
ATAGAAGTTATATTCCATTGCTCAGTTGGTGTAATGCAGCAGGGCGCTCC,1,0.0,0.0,0.0,0.0,0.0,100.0,0.0,0.0
ATAGAAGTTATATTCCACTGCTCAGTCGGTTCAATGCAGCAGGTCCCTCC,1,0.0,0.0,0.0,0.0,0.0,100.0,0.0,0.0
ATAGAAGTTATGTTCCATTGCTCAATCCGTGTAATGCAGCAGGTCGCTCC,1,0.0,0.0,0.0,0.0,0.0,100.0,0.0,0.0
ATAGAAGTTATAGTCCATTGCTCGGTCGGTGTAGTGCAGCAGGTCCCTCC,1,0.0,0.0,0.0,0.0,0.0,100.0,0.0,0.0
ATAGAAGTTATATTCCATTGCTCAATCGGTTCAGTGCAGCAGGTCCCTCC,3,0.0,0.0,0.0,0.0,0.0,100.0,0.0,0.0
ATAGAAGTTATATTCCATTGATCGATCGGTGTAATGCAGCAGGTCCCTCC,1,0.0,0.0,0.0,0.0,0.0,100.0,0.0,0.0
ATAAAAGTTATATTCCATTGCTCAATCGGTTCAATGCAGCAGGTCCCTCC,4,0.0,0.0,0.0,0.0,0.0,100.0,0.0,0.0
ATAGTAGTGATATTCCATTGCTCAGTTGGTGTAATGCAGCGCAGCCCTCC,1,0.0,0.0,0.0,0.0,0.0,100.0,0.0,0.0
ATAGAAGTTATATTCCATTGATCAGTTCTTGTAGTGCAGCAGGTCCCTCC,1,0.0,0.0,0.0,0.0,0.0,100.0,0.0,0.0
ATAGAAGTTATATTCCATTGATCAGTCGGTTTAATGCAGCAGGTCCCTCC,1,0.0,0.0,0.0,0.0,0.0,100.0,0.0,0.0
ATAGAAGTTATATTCCATTGATCAGTCCTTGTAATGCAGCAGGTCCCTCC,1,0.0,0.0,0.0,0.0,0.0,100.0,0.0,0.0
ATAGAAGTTATGGTCCATTGCTCAGTCGGTGTAGTGCAGCAGGTCCCTCC,1,0.0,0.0,0.0,0.0,0.0,100.0,0.0,0.0
ATAAAAGTGATATTCCATTGCTCAATTGGTTCAATGCAGCAGGTCCCTCC,1,0.0,0.0,0.0,0.0,0.0,100.0,0.0,0.0
ATAGAAGTTATGTTCCATTGCTCGATCGGTTTAATGCAGCAGGTCGCTCC,1,0.0,0.0,0.0,0.0,0.0,100.0,0.0,0.0
ATAGAAGTTATAGTCCATTGATCAGTTGGTGTAATGCAGCAGGTCCCTCC,1,0.0,0.0,0.0,0.0,0.0,100.0,0.0,0.0
ATTGAAGTTATATTCCATTGCTCAGTCGGTGTAATGCAGTAGAGCCCTCC,1,0.0,0.0,0.0,0.0,0.0,100.0,0.0,0.0
ATAGAAGTTATATTCCATTGCTCGGTCGGTGTAGTGCAGCAGGTCCCTCC,1,0.0,0.0,0.0,0.0,0.0,100.0,0.0,0.0
ATAGAAGTGATATTCCATTGATCAGTTGGTGTAATGCAGCGGAGCCCTCC,1,0.0,0.0,0.0,0.0,0.0,100.0,0.0,0.0
ATAGTGGTTATAGTCCATTGATCAATCGGTGTAATGCAGCAGGTCCCTCC,1,0.0,0.0,0.0,0.0,0.0,100.0,0.0,0.0
ATAGAAGTGATAGTCCATTGCTCAATCGGTGTAATGCAGTAGGTCCCTCC,1,0.0,0.0,0.0,0.0,0.0,100.0,0.0,0.0
CTAGAAGCTATATTCCATTGATCAATCGGTTCAATGCAGCAGGTCCCTCC,1,0.0,0.0,0.0,0.0,0.0,100.0,0.0,0.0
ATAGAAGTGATATTCCATTGATCAATCGGTGTAATGCAGTAGGTCCCTCC,1,0.0,0.0,0.0,0.0,0.0,100.0,0.0,0.0
ATAGAAGTGATATTCCACTGCTCAGTCGGTGTAATGCAGCAGGTCGCTCC,2,0.0,0.0,0.0,0.0,0.0,100.0,0.0,0.0
ATAGAAGTTATAGTCCATTGCTCAATCCTTTCAATGCAGCAGGGCCCTCC,1,0.0,0.0,0.0,0.0,0.0,100.0,0.0,0.0
ATAGAAGTTATATTCCATTGCTCAGTTCTTGTAGTGCAGCAGGTCCCTCC,1,0.0,0.0,0.0,0.0,0.0,100.0,0.0,0.0
ATAGAAGTTATATTCCATTGCTCAGTCGGTGTAATGCAGTAGGGCGCTCC,1,0.0,0.0,0.0,0.0,0.0,100.0,0.0,0.0
ATAGAAGTGATAGTCCACTGCTCAGTCGGTGTAATGCAGCAGGTCGCTCC,1,0.0,0.0,0.0,0.0,0.0,100.0,0.0,0.0
ATAGAAGTTATAGTCCATTGCTCAATCGGTGTAATGCAGCAGGTCGCTCC,1,0.0,0.0,0.0,0.0,0.0,100.0,0.0,0.0
ATAGAAGTTATGGTCCATTGCTCAGTCGGTGTAATGCAGCAGATCCCTCC,1,0.0,0.0,0.0,0.0,0.0,100.0,0.0,0.0
ATAGAAGTTATAGTCCACTGATCAATCGGTGTAATGCAGCAGGTCCCTCC,1,0.0,0.0,0.0,0.0,0.0,100.0,0.0,0.0
ATAGAAGTTATAGTCCATTGCTCAATCGGTGTAATGCAGTAGGTCCCTCC,1,0.0,0.0,0.0,0.0,0.0,100.0,0.0,0.0
ATAGAAGTTATGTTCCATTGCTCAGTCGGTGTAATGCAGCGCGTCCCTCC,1,0.0,0.0,0.0,0.0,0.0,100.0,0.0,0.0
ATAGTAGTTATATTCCATTGCTCAGTCGGTGTAGTGCAGCAGGTCCCTCC,1,0.0,0.0,0.0,0.0,0.0,100.0,0.0,0.0
ATAGAAGTTATATTCCACTGCTCAGTTGGTTTAATGCAGCAGGTCCCTCC,1,0.0,0.0,0.0,0.0,0.0,100.0,0.0,0.0
ATAGAAGTTATATTCCATTGCTCAATCCGTGTAGTGCAGCAGGTCCCTCC,1,0.0,0.0,0.0,0.0,0.0,100.0,0.0,0.0
CTTATGTCGATGGTCCACTGCTCGATTCTTTCAGTGCAGTGCAGCGCTCC,1,100.0,0.0,0.0,0.0,0.0,0.0,0.0,0.0
CTTATGTCGATGGTCCATTGCTCGGTTCTTTCAGTGCAGTGCAGCGCTCC,1,100.0,0.0,0.0,0.0,0.0,0.0,0.0,0.0
CTAGTGTCGATGGTCCACTGCTCGATTCTTGTAGTGCAGTGCAGCGCTCC,1,100.0,0.0,0.0,0.0,0.0,0.0,0.0,0.0
CTTATGTCGATGGTCCATTGCTCGATTCTTGTAGTGCAGTGCAGCGCTCC,1,100.0,0.0,0.0,0.0,0.0,0.0,0.0,0.0
CTAGTGTCGATGGTCCACTGCTCGGTTCTTGTAGTGCAGTGCAGCGCTCC,4,25.0,75.0,0.0,0.0,0.0,0.0,0.0,0.0
CTTAAGTCGATGGTCCATTGCTCGATTCTTGTAGTGCAGTGCAGCGCTCC,1,100.0,0.0,0.0,0.0,0.0,0.0,0.0,0.0
CTAATGTCGATGGTCCACTGATCGGTTCTTTCAGTGCAGTGGAGCGCTCC,2,50.0,50.0,0.0,0.0,0.0,0.0,0.0,0.0
CTTAAGTCGATGGTCCACTGCTCGGTTCTTTCAGTGCAGTGGAGCGCTTC,1,100.0,0.0,0.0,0.0,0.0,0.0,0.0,0.0
CTAGTGTCGATGGTCCACTGCTCGGTTCTTTCAGTGCAGTGGAGCGCTCC,2,50.0,50.0,0.0,0.0,0.0,0.0,0.0,0.0
CTTGTGTCGATGGTCCACTGATCGATTCTTGTAGTGCAGTGGAGCGCTCC,1,100.0,0.0,0.0,0.0,0.0,0.0,0.0,0.0
ATAATGTCGATGGTCCATTGCTCGGTTCTTTCAGTGCAGTGGAGCGCTCC,1,100.0,0.0,0.0,0.0,0.0,0.0,0.0,0.0
CTTAAGTCGATGGTCCATTGCTCGGTTCTTGTAGTGCAGTGCAGCGCTCC,3,33.33,66.67,0.0,0.0,0.0,0.0,0.0,0.0
CTTAAGTCGATGGTCCACTGCTCGATTCTTTCAGTGCAGTGGAGCGCTCC,1,100.0,0.0,0.0,0.0,0.0,0.0,0.0,0.0
ATAAAAGTTATATTCCATTGCTCAGTCGGTGTAATGCAGCGGAGCCCTCC,1,0.0,0.0,0.0,0.0,0.0,0.0,100.0,0.0
ATAAAAGTGATATTCCATTGCTCAGTCGGTGTAATGCAGCAGGTCCCTCC,3,0.0,0.0,0.0,0.0,0.0,0.0,100.0,0.0
ATAGAAGTTATATTCCATTGCTCAGTCGGTGTAATGCAGTGGAGCCCTCC,2,0.0,0.0,0.0,0.0,0.0,0.0,100.0,0.0
CTAGAAGTTATATTCCATTGATCGATCGGTGTAATGCAGCAGGTCCCTCC,1,0.0,0.0,0.0,0.0,0.0,0.0,100.0,0.0
ATAGAAGTTATGGTCCATTGCTCAATCGGTTCAGTGCAGCAGGTCCCTCC,1,0.0,0.0,0.0,0.0,0.0,100.0,0.0,0.0
ATAGAAGTTATGGTCCATTGATCAGTCGGTGTAATGCAGCAGGTCCCTCC,1,0.0,0.0,0.0,0.0,0.0,100.0,0.0,0.0
ATAGAAGTTATATTCCATTGATCAGTTGGTGTAATGCAGTAGGTCCCTCC,1,0.0,0.0,0.0,0.0,0.0,100.0,0.0,0.0
ATAAAAGTTATATTCCACTGCTCAGTCGGTGTAATGCAGCAGGTCCCTCC,3,0.0,0.0,0.0,0.0,0.0,0.0,100.0,0.0
ATAGAAGTTATATTCCACTGCTCAGTTGGTGTAATGCAGCAGAGCCCTCC,1,0.0,0.0,0.0,0.0,0.0,100.0,0.0,0.0
ATAGAAGTTATGGTCCACTGCTCAATTGGTGTAGTGCAGCGGGTCCCTCC,1,0.0,0.0,0.0,0.0,0.0,100.0,0.0,0.0
ATAGAAGTTATGGTCCATTGCTCAGTTGGTGTAGTGCAGCAGGTCCCTCC,2,0.0,0.0,0.0,0.0,0.0,100.0,0.0,0.0
ATAGAAGTTATGGTCCATTGCTCAGTTGGTTCAATGCAGCAGGTCCCTCC,1,0.0,0.0,0.0,0.0,0.0,100.0,0.0,0.0
CTAGAAGTTATGGTCCACTGCTCAATCGGTGTAATGCAGCAGGTCCCTCC,1,0.0,0.0,0.0,0.0,0.0,100.0,0.0,0.0
ATAAAAGTTATGGTCCATTGATCAATCGGTGTAATGCAGCAGGTCCCTCC,1,0.0,0.0,0.0,0.0,0.0,100.0,0.0,0.0
ATAGAAGCTATGGTCCATTGCTCAGTTGGTGTAATGCAGCAGGTCCCTCC,1,0.0,0.0,0.0,0.0,0.0,100.0,0.0,0.0
ATAGAAGTTATGGTCCATTGATCAATCGGTGTAATGCAGCAGGTCCCTCC,1,0.0,0.0,0.0,0.0,0.0,100.0,0.0,0.0
ATAAAGTCGATGGTCCATTGCTCGATTCTTTCAGTGCAGTGGAGCGCTCC,4,0.0,0.0,0.0,0.0,0.0,0.0,0.0,100.0
ATAGAGTCGATGGTCCATTGATCGATTCTTTCAGTGCAGTGCAGCGCGCC,1,0.0,0.0,0.0,0.0,0.0,0.0,0.0,100.0
ATTAAGTCGATGGTCCATTGATCGATTCTTTCAGTGCAGTGCAGCGCTCC,2,50.0,0.0,0.0,0.0,0.0,0.0,0.0,50.0
ATAGAGTCGATGGTCCATTGATCGATTCTTTCAGTGCAGTGCAGCGTTCC,1,0.0,0.0,0.0,0.0,0.0,0.0,0.0,100.0
CTTATGTCTATGGTCCATTGCTCGGTTCTTGTAGTGCAGTGGAGCGCTCC,1,0.0,100.0,0.0,0.0,0.0,0.0,0.0,0.0
CTTGTGTCGATGGTGCACTGCTCGGTTCTTGTAGTGCAGTGGAGCGCTCC,1,0.0,100.0,0.0,0.0,0.0,0.0,0.0,0.0
ATAATGTCGATGGTCCATTGCTCGATTCTTGTAGTGCAGTGGAGCGCTCC,1,0.0,100.0,0.0,0.0,0.0,0.0,0.0,0.0
CTTGTGTCGATGGTCCACTGCTCGGTCCTTGTAGTGCAGTGGAGCGCTCC,1,0.0,100.0,0.0,0.0,0.0,0.0,0.0,0.0
CTAAAGTCGATGGTCCATTGCTCGGTTCTTGTAGTGCAGTGGAGCGCTCC,1,0.0,100.0,0.0,0.0,0.0,0.0,0.0,0.0
CTTAAGTCGATGGTCCACTGATCGATTCTTGTAGTGCAGTGGAGCGCTCC,3,0.0,100.0,0.0,0.0,0.0,0.0,0.0,0.0
CTAATGTCTATGGTCCACTGCTCGGTTCTTGTAGTGCAGTGGAGCGCTCC,1,0.0,100.0,0.0,0.0,0.0,0.0,0.0,0.0
ATTAAGTCGATGGTCCACTGCTCGGTTCTTGTAGTGCAGTGGAGCGCTTC,1,0.0,100.0,0.0,0.0,0.0,0.0,0.0,0.0
CTTGAGTCGATGGTCCACTGCTCGATTCTTGTAGTGCAGTGGAGCGCTCC,2,0.0,100.0,0.0,0.0,0.0,0.0,0.0,0.0
ATTGTGTCGATGGTCCACTGCTCGGTTCTTGTAGTGCAGTGCAGCGCTCC,1,0.0,100.0,0.0,0.0,0.0,0.0,0.0,0.0
CTTATGTCGATGGTCCACTGCTCGGTTCTTGTAGTGCAGTGGAGCGCTTC,1,0.0,100.0,0.0,0.0,0.0,0.0,0.0,0.0
CTTATGTCGATGGTCCACTGCTCGGTTCTTGTAGTGCAGTGGAGCGCGCC,1,0.0,100.0,0.0,0.0,0.0,0.0,0.0,0.0
ATTGAGTCGATGGTCCACTGCTCGGTCCTTGTAGTGCAGTGGAGCGCTCC,1,0.0,100.0,0.0,0.0,0.0,0.0,0.0,0.0
CTTATGTCGATGGTGCACTGCTCGGTCCTTGTAGTGCAGTGCAGCGCTCC,1,0.0,100.0,0.0,0.0,0.0,0.0,0.0,0.0
ATTATGTCGATGGTCCACTGCTCGGTTCTTGTAGTGCAGTGCAGCGCTCC,3,0.0,100.0,0.0,0.0,0.0,0.0,0.0,0.0
CTTATGTCGATGGTCCATTGCTCGGTTCTTTTAGTGCAGTGGAGCGCTCC,1,0.0,100.0,0.0,0.0,0.0,0.0,0.0,0.0
CTAGAGTCGATGGTCCATTGATCGATTGGTGCAGTGCAGTGCAGCGCTCC,2,0.0,0.0,0.0,0.0,0.0,0.0,0.0,100.0
ATAGAGTCGATGGTCCACTGATCGATTCTTGCAGTGCAGTGCAGCGCTCC,3,0.0,0.0,0.0,0.0,0.0,0.0,0.0,100.0
CTAGAGTCGATGGTCCATTGATCGATCCTTTCAGTGCAGTGCAGCGCTCC,1,0.0,0.0,0.0,0.0,0.0,0.0,0.0,100.0
ATAGAGTCGATGGTCCACTGATCGATTCTTTTAGTGCAGTGCAGCGCTCC,3,0.0,0.0,0.0,0.0,0.0,0.0,0.0,100.0
CTTAAGTCGATAGTCCACTGCTCGGTTCTTGTAGTGCAGTGGAGCGCTTC,1,0.0,100.0,0.0,0.0,0.0,0.0,0.0,0.0
CTAGAAGCTTTAGTCCATTGCCCAATCGGTGTCATGTAGCAGGTGGCTCC,1,0.0,0.0,0.0,0.0,0.0,0.0,100.0,0.0
ATAAAAGCTTTAGTCCATTGCCAAATCGGTGTCATGCAGCAGGTGGCTCC,1,0.0,0.0,0.0,0.0,0.0,0.0,100.0,0.0
ATAGAAGCTTTAGTCCATTGCTCAATCGGTGTCATGCAGCAGGTCCCTCC,1,0.0,0.0,0.0,0.0,0.0,0.0,100.0,0.0
CTAAAAGCTTTAGTCCATTGCTAAATCGGTGTCATGCAGCAGGTGCCTCC,1,0.0,0.0,0.0,0.0,0.0,0.0,100.0,0.0
ATAGAAGCTATAGTCCATTGCTCAATTGGTGTAATGCAGCAGGTGGCTCC,1,0.0,0.0,0.0,0.0,0.0,0.0,100.0,0.0
ATAGAAGCTATAGTCCATTGCTCAGTCGGTGTAATGCAGCAGGTGGCTCC,1,0.0,0.0,0.0,0.0,0.0,0.0,100.0,0.0
ATAAAAGCTTTAGTCCATTGCTCAATCGGTGTAATGCAGCAGGTGCCTCC,1,0.0,0.0,0.0,0.0,0.0,0.0,100.0,0.0
CTAGAAGCTTTAGTCTATTGCTCAGTCGGTGTAATGCAGCAGGTGCCTCC,1,0.0,0.0,0.0,0.0,0.0,0.0,100.0,0.0
ATAGAAGCTTTAGTCCATTGCTCAATCGGTGTAATGCAGCAGGTCGCTCC,1,0.0,0.0,0.0,0.0,0.0,0.0,100.0,0.0
CTAGAAGCTTTATTCCATTGCCAAATCGGTGTCATGCAGCAGGTGCCTCC,1,0.0,0.0,0.0,0.0,0.0,0.0,100.0,0.0
ATAGAAGCTATAGTCCATTGCTCAATCGGTGTAATGCAGCAGGTGCCTCC,1,0.0,0.0,0.0,0.0,0.0,0.0,100.0,0.0
CTAGAAGCTTTAGTCCATTGCTCAATCGGTGTAATGTAGCAGGTCGCTCC,1,0.0,0.0,0.0,0.0,0.0,0.0,100.0,0.0
AGAGAAGTGATGGCCCATTGATCGATTCGAGTAGTACGATGGAGCGCTCC,1,0.0,0.0,0.0,0.0,100.0,0.0,0.0,0.0
ATAGAGTCGATGGTCCATTGATCGATTGGTTCAGTGCAGTGCAGCGCTCC,2,0.0,0.0,0.0,0.0,0.0,0.0,0.0,100.0
CTAGTAGCTTTAGTCCATTGCTAAATCGGTGTAGCGTAGCAGGTGGCTCC,3,0.0,0.0,0.0,100.0,0.0,0.0,0.0,0.0
CTAGAAGTTTTAGTCTATTGCCAAGTTGGTGTCACGTAGCAGGTGGCTCC,1,0.0,0.0,0.0,100.0,0.0,0.0,0.0,0.0
CTAGAAGCTTTAGTCTATTGCCAAGTCGGTGTAACGCAGCAGGTGGCTCC,1,0.0,0.0,0.0,100.0,0.0,0.0,0.0,0.0
CTAGAAGCTTTAGTCCACTGCCAGGTTGGTGTAGCGTAGCAGGTGGCTCC,1,0.0,0.0,0.0,100.0,0.0,0.0,0.0,0.0
ATAGAAGCTATAGTCTATTGCCAAGTCGGTGTCGCGTAGCGGAGGGCTCC,1,0.0,0.0,0.0,100.0,0.0,0.0,0.0,0.0
CTAGAAGCTTTAGTCCATTGCCAGGTCGGTGTAGTGCAGCAGGTGGCTCC,1,0.0,0.0,0.0,100.0,0.0,0.0,0.0,0.0
CTAAAGTCGATGGTCCATTGCTCGATTCTTTCAGTGCAGTGGAGCGCTCC,1,0.0,0.0,0.0,0.0,0.0,0.0,0.0,100.0
ATAGAGTCGATGGTCCATTGATCGATCGGTGTAGTGCAGTGCAGCGCTCC,1,0.0,0.0,0.0,0.0,0.0,0.0,0.0,100.0
CTAGAGTCGATGGTCCATTGATCGATTCTTTCAGTGCAGTGCAGCGCTTC,1,0.0,0.0,0.0,0.0,0.0,0.0,0.0,100.0
ATAAAGTCGATGGTCCACTGATCGATTCTTTCAGTGCAGTGGAGCGCTCC,1,0.0,0.0,0.0,0.0,0.0,0.0,0.0,100.0
CTTGAGTCGATGGTCCGCCACTCGATCCGTGTAGTGCAGTGGAGCGCGCC,1,0.0,100.0,0.0,0.0,0.0,0.0,0.0,0.0
CTAAAGTCGATGGTCCATTGCTCGATTCTTGTAGTGCAGTGCAGCGCTCC,1,0.0,100.0,0.0,0.0,0.0,0.0,0.0,0.0
CTTAAGTCGATGGTCCATTACTCGATTCTTTCAGTGCAGTGCAGCGCGCC,1,0.0,100.0,0.0,0.0,0.0,0.0,0.0,0.0
CTAAAGTCGATGGTCCACCGCTCGATTCTTGTAGTGCAGTGGAGCGCTTC,1,0.0,100.0,0.0,0.0,0.0,0.0,0.0,0.0
CTAAAGTCGATGGTCCACTGCTCGATTCTTGTAGTGCAGTGGAGCGCGCC,2,0.0,100.0,0.0,0.0,0.0,0.0,0.0,0.0
CTAAAGTCGATGGTGCGTTGCTCGATTCTTGTAGTGCAGTGGAGCGCGCC,1,0.0,100.0,0.0,0.0,0.0,0.0,0.0,0.0
CTAAAGTCGATGGTCCATTGCTCGATTCTTGTAGTGCAGTGCAGCGCTTT,1,0.0,100.0,0.0,0.0,0.0,0.0,0.0,0.0
ATAATGTCGATGGTCCATTGCTCGGTTCTTGTAGTGCAGTGCAGCGCTCC,1,0.0,100.0,0.0,0.0,0.0,0.0,0.0,0.0
CTTATGTCGATGGTCCACTGCTCGATTCTTGTAGTGTAGTGCAGCGCTCC,1,0.0,100.0,0.0,0.0,0.0,0.0,0.0,0.0
CTTAAGTCGATGGTGCACTGCTCGGTTCTTGTAGTGCAGTGGAGCGCTCC,1,0.0,100.0,0.0,0.0,0.0,0.0,0.0,0.0
ATTATGTCGATGGTGCACTGCTCGGTTCTTTCAGTGCAGTGGAGCGCTCC,1,0.0,100.0,0.0,0.0,0.0,0.0,0.0,0.0
CTTAAGTCGATGGTGCACTGCTCGGTTCTTGTAGTGCAGTGCAGCGCTCC,1,0.0,100.0,0.0,0.0,0.0,0.0,0.0,0.0
CTAGAGTCGATGGTCCACTGCTCGGTTCTTTCAGTGCAGTGCAGCGCTCC,1,0.0,100.0,0.0,0.0,0.0,0.0,0.0,0.0
CTTAAGTCGATGGTCCACTGATCGGTTCTTTCAGTGCAGTGGAGCGCTCC,1,0.0,100.0,0.0,0.0,0.0,0.0,0.0,0.0
ATTAAGTCGATGGTCCATTGCTCGATTCTTGTAGTGCAGTGCAGCGCTCC,1,0.0,100.0,0.0,0.0,0.0,0.0,0.0,0.0
CTAAAGTCGATGGTCCACTGCTCGGTTCTTTCAGTGCAGTGCAGCGCTCC,1,0.0,100.0,0.0,0.0,0.0,0.0,0.0,0.0
CTTATGTCGAAGGTCCACTGCTCGGTTCTTGTAGTGCAGTGGAGCGCTCC,1,0.0,100.0,0.0,0.0,0.0,0.0,0.0,0.0
CTTAAGTCTATGGTCCACTGCTCGGTTCTTGTAGTGCAGTGGAGCGCTCC,1,0.0,100.0,0.0,0.0,0.0,0.0,0.0,0.0
CTTATGTCGATGGTGCACTGCTCGGTTCTTGTAGTGCAGTGCAGCGCTCC,1,0.0,100.0,0.0,0.0,0.0,0.0,0.0,0.0
ATTATGTCGATGGTCCATTGCTCGGTTCTTGTAGTGCAGTGGAGCGCGCC,1,0.0,100.0,0.0,0.0,0.0,0.0,0.0,0.0
ATTAAGTCGATGGTCCACTGCTCGGTTCTTGTAGTGCAGTGGAGCGCGCC,1,0.0,100.0,0.0,0.0,0.0,0.0,0.0,0.0
ATTATGTCGATGGTCCATTGCTCGGTTCTTGTAGTGCAGTGCAGCGCTCC,1,0.0,100.0,0.0,0.0,0.0,0.0,0.0,0.0
CTTAAGTCGATGGTCCACTGCTCGGTTCTTGTAATGCAGTGCAGCGCTCC,1,0.0,100.0,0.0,0.0,0.0,0.0,0.0,0.0
ATAAAGTCGATGTTCCACTGCTCGGTTCTTGTAGTGCAGTGGAGCGCTCC,1,0.0,100.0,0.0,0.0,0.0,0.0,0.0,0.0
ATAATGTCGATGGTCCACTGATCGATTCTTTCAGTGCAGTGGAGCGCTCC,1,0.0,100.0,0.0,0.0,0.0,0.0,0.0,0.0
ATTAAGTCGATGGTCCATTGCTCGGTTCTTGTAGTGCAGTGCAGCGCTCC,1,0.0,100.0,0.0,0.0,0.0,0.0,0.0,0.0
ATTATGTCGATGGTCCATTGATCGGTTCTTGTAGTGCAGTGGAGCGCTCC,1,0.0,100.0,0.0,0.0,0.0,0.0,0.0,0.0
ATTAAGTCGATGGTCCACTGCTCGGTTCTTTCAGTGCAGTGCAGCGCTCC,1,0.0,100.0,0.0,0.0,0.0,0.0,0.0,0.0
CTTGTGTCGATGGTCCACTGCTCGGTTCTTTCAGTGCAGTGGAGCGCGCC,1,0.0,100.0,0.0,0.0,0.0,0.0,0.0,0.0
CTAATGTCGATGGTCCACTGCTCGGTTCTTGTAATGCAGTGCAGCGCTCC,1,0.0,100.0,0.0,0.0,0.0,0.0,0.0,0.0
ATAATGTCGATGGTCCACTGCTCGGTTCTTTCAGTGCAGTGGAGCGCTCC,1,0.0,100.0,0.0,0.0,0.0,0.0,0.0,0.0
ATTGTGTCGATGGTCCATTGCTCGGTTCTTGTAGTGCAGTGCAGCGCTCC,1,0.0,100.0,0.0,0.0,0.0,0.0,0.0,0.0
ATTAAGTCGATGGTCCACTGATCGATTCTTGTAGTGCAGTGGAGCGCTCC,1,0.0,100.0,0.0,0.0,0.0,0.0,0.0,0.0
ATAGTGTCGATGGTCCACTGCTCGGTTCTTGTAGTGCAGTGGAGCGCTCC,3,0.0,100.0,0.0,0.0,0.0,0.0,0.0,0.0
ATTATGTCTATGGTCCACTGCTCGGTTCTTTCAGTGCAGTGGAGCGCTCC,1,0.0,100.0,0.0,0.0,0.0,0.0,0.0,0.0
ATTGTGTCGATGGTCCACTGCTCGGTTCTTTCAGTGCAGTGGAGCGCTCC,1,0.0,100.0,0.0,0.0,0.0,0.0,0.0,0.0
